id,rank,title,fullTitle,year,image,crew,imDbRating,imDbRatingCount,domestic_boxoffice,international_boxoffice,worldwide_boxoffice
tt0111161,1,The Shawshank Redemption,The Shawshank Redemption (1994),1994,"https://m.media-amazon.com/images/M/MV5BMDFkYTc0MGEtZmNhMC00ZDIzLWFmNTEtODM1ZmRlYWMwMWFmXkEyXkFqcGdeQXVyMTMxODk2OTU@._V1_UX128_CR0,3,128,176_AL_.jpg","Frank Darabont (dir.), Tim Robbins, Morgan Freeman",9.2,2493974,"$28,699,976","$117,315","$28,817,291"
tt0068646,2,The Godfather,The Godfather (1972),1972,"https://m.media-amazon.com/images/M/MV5BM2MyNjYxNmUtYTAwNi00MTYxLWJmNWYtYzZlODY3ZTk3OTFlXkEyXkFqcGdeQXVyNzkwMjQ5NzM@._V1_UX128_CR0,1,128,176_AL_.jpg","Francis Ford Coppola (dir.), Marlon Brando, Al Pacino",9.1,1720203,"$134,966,411","$111,154,575","$246,120,986"
tt0071562,3,The Godfather: Part II,The Godfather: Part II (1974),1974,"https://m.media-amazon.com/images/M/MV5BMWMwMGQzZTItY2JlNC00OWZiLWIyMDctNDk2ZDQ2YjRjMWQ0XkEyXkFqcGdeQXVyNzkwMjQ5NzM@._V1_UX128_CR0,1,128,176_AL_.jpg","Francis Ford Coppola (dir.), Al Pacino, Robert De Niro",9.0,1194258,"$47,834,595","$201,188","$48,035,783"
tt0468569,4,The Dark Knight,The Dark Knight (2008),2008,"https://m.media-amazon.com/images/M/MV5BMTMxNTMwODM0NF5BMl5BanBnXkFtZTcwODAyMTk2Mw@@._V1_UX128_CR0,3,128,176_AL_.jpg","Christopher Nolan (dir.), Christian Bale, Heath Ledger",9.0,2445425,"$534,858,444","$471,115,201","$1,005,973,645"
tt0050083,5,12 Angry Men,12 Angry Men (1957),1957,"https://m.media-amazon.com/images/M/MV5BMWU4N2FjNzYtNTVkNC00NzQ0LTg0MjAtYTJlMjFhNGUxZDFmXkEyXkFqcGdeQXVyNjc1NTYyMjg@._V1_UX128_CR0,3,128,176_AL_.jpg","Sidney Lumet (dir.), Henry Fonda, Lee J. Cobb",8.9,737034,None,$955,$955
tt0108052,6,Schindler's List,Schindler's List (1993),1993,"https://m.media-amazon.com/images/M/MV5BNDE4OTMxMTctNmRhYy00NWE2LTg3YzItYTk3M2UwOTU5Njg4XkEyXkFqcGdeQXVyNjU0OTQ0OTY@._V1_UX128_CR0,3,128,176_AL_.jpg","Steven Spielberg (dir.), Liam Neeson, Ralph Fiennes",8.9,1277627,"$96,898,818","$225,262,427","$322,161,245"
tt0167260,7,The Lord of the Rings: The Return of the King,The Lord of the Rings: The Return of the King (2003),2003,"https://m.media-amazon.com/images/M/MV5BNzA5ZDNlZWMtM2NhNS00NDJjLTk4NDItYTRmY2EwMWZlMTY3XkEyXkFqcGdeQXVyNzkwMjQ5NzM@._V1_UX128_CR0,3,128,176_AL_.jpg","Peter Jackson (dir.), Elijah Wood, Viggo Mortensen",8.9,1724709,"$377,845,905","$768,185,007","$1,146,030,912"
tt0110912,8,Pulp Fiction,Pulp Fiction (1994),1994,"https://m.media-amazon.com/images/M/MV5BNGNhMDIzZTUtNTBlZi00MTRlLWFjM2ItYzViMjE3YzI5MjljXkEyXkFqcGdeQXVyNzkwMjQ5NzM@._V1_UX128_CR0,3,128,176_AL_.jpg","Quentin Tarantino (dir.), John Travolta, Uma Thurman",8.8,1926537,"$107,928,762","$106,000,000","$213,928,762"
tt0060196,9,"The Good, the Bad and the Ugly","The Good, the Bad and the Ugly (1966)",1966,"https://m.media-amazon.com/images/M/MV5BOTQ5NDI3MTI4MF5BMl5BanBnXkFtZTgwNDQ4ODE5MDE@._V1_UX128_CR0,3,128,176_AL_.jpg","Sergio Leone (dir.), Clint Eastwood, Eli Wallach",8.8,723587,"$25,100,000","$153,751","$25,253,751"
tt0120737,10,The Lord of the Rings: The Fellowship of the Ring,The Lord of the Rings: The Fellowship of the Ring (2001),2001,"https://m.media-amazon.com/images/M/MV5BN2EyZjM3NzUtNWUzMi00MTgxLWI0NTctMzY4M2VlOTdjZWRiXkEyXkFqcGdeQXVyNDUzOTQ5MjY@._V1_UX128_CR0,3,128,176_AL_.jpg","Peter Jackson (dir.), Elijah Wood, Ian McKellen",8.8,1745914,"$315,710,750","$581,979,322","$897,690,072"
tt0137523,11,Fight Club,Fight Club (1999),1999,"https://m.media-amazon.com/images/M/MV5BMmEzNTkxYjQtZTc0MC00YTVjLTg5ZTEtZWMwOWVlYzY0NWIwXkEyXkFqcGdeQXVyNzkwMjQ5NzM@._V1_UX128_CR0,3,128,176_AL_.jpg","David Fincher (dir.), Brad Pitt, Edward Norton",8.8,1963088,"$37,030,102","$64,179,600","$101,209,702"
tt0109830,12,Forrest Gump,Forrest Gump (1994),1994,"https://m.media-amazon.com/images/M/MV5BNWIwODRlZTUtY2U3ZS00Yzg1LWJhNzYtMmZiYmEyNmU1NjMzXkEyXkFqcGdeQXVyMTQxNzMzNDI@._V1_UX128_CR0,3,128,176_AL_.jpg","Robert Zemeckis (dir.), Tom Hanks, Robin Wright",8.7,1925989,"$330,455,270","$347,770,863","$678,226,133"
tt1375666,13,Inception,Inception (2010),2010,"https://m.media-amazon.com/images/M/MV5BMjAxMzY3NjcxNF5BMl5BanBnXkFtZTcwNTI5OTM0Mw@@._V1_UX128_CR0,3,128,176_AL_.jpg","Christopher Nolan (dir.), Leonardo DiCaprio, Joseph Gordon-Levitt",8.7,2194306,"$292,576,195","$544,260,772","$836,836,967"
tt0167261,14,The Lord of the Rings: The Two Towers,The Lord of the Rings: The Two Towers (2002),2002,"https://m.media-amazon.com/images/M/MV5BZGMxZTdjZmYtMmE2Ni00ZTdkLWI5NTgtNjlmMjBiNzU2MmI5XkEyXkFqcGdeQXVyNjU0OTQ0OTY@._V1_UX128_CR0,3,128,176_AL_.jpg","Peter Jackson (dir.), Elijah Wood, Ian McKellen",8.7,1559107,"$342,551,365","$604,943,730","$947,495,095"
tt0080684,15,Star Wars: Episode V - The Empire Strikes Back,Star Wars: Episode V - The Empire Strikes Back (1980),1980,"https://m.media-amazon.com/images/M/MV5BYmU1NDRjNDgtMzhiMi00NjZmLTg5NGItZDNiZjU5NTU4OTE0XkEyXkFqcGdeQXVyNzkwMjQ5NzM@._V1_UX128_CR0,3,128,176_AL_.jpg","Irvin Kershner (dir.), Mark Hamill, Harrison Ford",8.7,1215017,"$292,753,960","$190,685,234","$538,375,067"
tt0133093,16,The Matrix,The Matrix (1999),1999,"https://m.media-amazon.com/images/M/MV5BNzQzOTk3OTAtNDQ0Zi00ZTVkLWI0MTEtMDllZjNkYzNjNTc4L2ltYWdlXkEyXkFqcGdeQXVyNjU0OTQ0OTY@._V1_UX128_CR0,3,128,176_AL_.jpg","Lana Wachowski (dir.), Keanu Reeves, Laurence Fishburne",8.6,1779396,"$171,479,930","$294,884,915","$466,364,845"
tt0099685,17,Goodfellas,Goodfellas (1990),1990,"https://m.media-amazon.com/images/M/MV5BY2NkZjEzMDgtN2RjYy00YzM1LWI4ZmQtMjIwYjFjNmI3ZGEwXkEyXkFqcGdeQXVyNzkwMjQ5NzM@._V1_UX128_CR0,3,128,176_AL_.jpg","Martin Scorsese (dir.), Robert De Niro, Ray Liotta",8.6,1080678,"$46,836,214","$127,063","$46,963,277"
tt0073486,18,One Flew Over the Cuckoo's Nest,One Flew Over the Cuckoo's Nest (1975),1975,"https://m.media-amazon.com/images/M/MV5BZjA0OWVhOTAtYWQxNi00YzNhLWI4ZjYtNjFjZTEyYjJlNDVlL2ltYWdlL2ltYWdlXkEyXkFqcGdeQXVyMTQxNzMzNDI@._V1_UX128_CR0,3,128,176_AL_.jpg","Milos Forman (dir.), Jack Nicholson, Louise Fletcher",8.6,960922,"$108,981,275","$134,530","$109,115,805"
tt0047478,19,Seven Samurai,Seven Samurai (1954),1954,"https://m.media-amazon.com/images/M/MV5BOWE4ZDdhNmMtNzE5ZC00NzExLTlhNGMtY2ZhYjYzODEzODA1XkEyXkFqcGdeQXVyNTAyODkwOQ@@._V1_UX128_CR0,1,128,176_AL_.jpg","Akira Kurosawa (dir.), Toshirô Mifune, Takashi Shimura",8.6,331444,"$318,649","$27,609","$346,258"
tt0114369,20,Se7en,Se7en (1995),1995,"https://m.media-amazon.com/images/M/MV5BOTUwODM5MTctZjczMi00OTk4LTg3NWUtNmVhMTAzNTNjYjcyXkEyXkFqcGdeQXVyNjU0OTQ0OTY@._V1_UX128_CR0,3,128,176_AL_.jpg","David Fincher (dir.), Morgan Freeman, Brad Pitt",8.6,1533031,"$100,125,643","$227,207,916","$327,333,559"
tt0102926,21,The Silence of the Lambs,The Silence of the Lambs (1991),1991,"https://m.media-amazon.com/images/M/MV5BNjNhZTk0ZmEtNjJhMi00YzFlLWE1MmEtYzM1M2ZmMGMwMTU4XkEyXkFqcGdeQXVyNjU0OTQ0OTY@._V1_UX128_CR0,3,128,176_AL_.jpg","Jonathan Demme (dir.), Jodie Foster, Anthony Hopkins",8.6,1344828,"$130,742,922","$142,000,000","$272,742,922"
tt0317248,22,City of God,City of God (2002),2002,"https://m.media-amazon.com/images/M/MV5BOTMwYjc5ZmItYTFjZC00ZGQ3LTlkNTMtMjZiNTZlMWQzNzI5XkEyXkFqcGdeQXVyNzkwMjQ5NzM@._V1_UX128_CR0,3,128,176_AL_.jpg","Fernando Meirelles (dir.), Alexandre Rodrigues, Leandro Firmino",8.6,726508,"$7,564,459","$23,116,334","$30,680,793"
tt0118799,23,Life Is Beautiful,Life Is Beautiful (1997),1997,"https://m.media-amazon.com/images/M/MV5BYmJmM2Q4NmMtYThmNC00ZjRlLWEyZmItZTIwOTBlZDQ3NTQ1XkEyXkFqcGdeQXVyMTQxNzMzNDI@._V1_UX128_CR0,3,128,176_AL_.jpg","Roberto Benigni (dir.), Roberto Benigni, Nicoletta Braschi",8.6,657902,"$57,563,264","$172,535,489","$230,098,753"
tt0038650,24,It's a Wonderful Life,It's a Wonderful Life (1946),1946,"https://m.media-amazon.com/images/M/MV5BZjc4NDZhZWMtNGEzYS00ZWU2LThlM2ItNTA0YzQ0OTExMTE2XkEyXkFqcGdeQXVyNjUwMzI2NzU@._V1_UX128_CR0,3,128,176_AL_.jpg","Frank Capra (dir.), James Stewart, Donna Reed",8.6,425378,"$44,000","$6,140,298","$6,184,298"
tt0076759,25,Star Wars: Episode IV - A New Hope,Star Wars: Episode IV - A New Hope (1977),1977,"https://m.media-amazon.com/images/M/MV5BNzVlY2MwMjktM2E4OS00Y2Y3LWE3ZjctYzhkZGM3YzA1ZWM2XkEyXkFqcGdeQXVyNzkwMjQ5NzM@._V1_UX128_CR0,3,128,176_AL_.jpg","George Lucas (dir.), Mark Hamill, Harrison Ford",8.6,1286761,"$460,998,507","$195,751,992","$775,398,007"
tt0120815,26,Saving Private Ryan,Saving Private Ryan (1998),1998,"https://m.media-amazon.com/images/M/MV5BZjhkMDM4MWItZTVjOC00ZDRhLThmYTAtM2I5NzBmNmNlMzI1XkEyXkFqcGdeQXVyNDYyMDk5MTU@._V1_UX128_CR0,3,128,176_AL_.jpg","Steven Spielberg (dir.), Tom Hanks, Matt Damon",8.6,1304563,"$217,049,603","$265,300,000","$482,349,603"
tt0816692,27,Interstellar,Interstellar (2014),2014,"https://m.media-amazon.com/images/M/MV5BZjdkOTU3MDktN2IxOS00OGEyLWFmMjktY2FiMmZkNWIyODZiXkEyXkFqcGdeQXVyMTMxODk2OTU@._V1_UX128_CR0,3,128,176_AL_.jpg","Christopher Nolan (dir.), Matthew McConaughey, Anne Hathaway",8.5,1643403,"$188,020,017","$513,709,189","$701,729,206"
tt0245429,28,Spirited Away,Spirited Away (2001),2001,"https://m.media-amazon.com/images/M/MV5BMjlmZmI5MDctNDE2YS00YWE0LWE5ZWItZDBhYWQ0NTcxNWRhXkEyXkFqcGdeQXVyMTMxODk2OTU@._V1_UX128_CR0,3,128,176_AL_.jpg","Hayao Miyazaki (dir.), Daveigh Chase, Suzanne Pleshette",8.5,702480,"$13,750,644","$341,956,251","$355,706,895"
tt0120689,29,The Green Mile,The Green Mile (1999),1999,"https://m.media-amazon.com/images/M/MV5BMTUxMzQyNjA5MF5BMl5BanBnXkFtZTYwOTU2NTY3._V1_UX128_CR0,3,128,176_AL_.jpg","Frank Darabont (dir.), Tom Hanks, Michael Clarke Duncan",8.5,1214959,"$136,801,374","$150,000,000","$286,801,374"
tt6751668,30,Parasite,Parasite (2019),2019,"https://m.media-amazon.com/images/M/MV5BYWZjMjk3ZTItODQ2ZC00NTY5LWE0ZDYtZTI3MjcwN2Q5NTVkXkEyXkFqcGdeQXVyODk4OTc3MTY@._V1_UX128_CR0,3,128,176_AL_.jpg","Bong Joon Ho (dir.), Kang-ho Song, Sun-kyun Lee",8.5,684029,"$53,369,749","$205,298,877","$258,668,626"
tt0110413,31,Léon: The Professional,Léon: The Professional (1994),1994,"https://m.media-amazon.com/images/M/MV5BODllNWE0MmEtYjUwZi00ZjY3LThmNmQtZjZlMjI2YTZjYmQ0XkEyXkFqcGdeQXVyNTc1NTQxODI@._V1_UX128_CR0,3,128,176_AL_.jpg","Luc Besson (dir.), Jean Reno, Gary Oldman",8.5,1092475,"$19,501,238","$51,401","$19,552,639"
tt0056058,32,Hara-Kiri,Hara-Kiri (1962),1962,"https://m.media-amazon.com/images/M/MV5BYjBmYTQ1NjItZWU5MS00YjI0LTg2OTYtYmFkN2JkMmNiNWVkXkEyXkFqcGdeQXVyMTMxMTY0OTQ@._V1_UY176_CR0,0,128,176_AL_.jpg","Masaki Kobayashi (dir.), Tatsuya Nakadai, Akira Ishihama",8.5,50286,None,"$15,222","$15,222"
tt0253474,33,The Pianist,The Pianist (2002),2002,"https://m.media-amazon.com/images/M/MV5BOWRiZDIxZjktMTA1NC00MDQ2LWEzMjUtMTliZmY3NjQ3ODJiXkEyXkFqcGdeQXVyNjU0OTQ0OTY@._V1_UY176_CR0,0,128,176_AL_.jpg","Roman Polanski (dir.), Adrien Brody, Thomas Kretschmann",8.5,778566,"$32,572,577","$87,500,000","$120,072,577"
tt0103064,34,Terminator 2: Judgment Day,Terminator 2: Judgment Day (1991),1991,"https://m.media-amazon.com/images/M/MV5BMGU2NzRmZjUtOGUxYS00ZjdjLWEwZWItY2NlM2JhNjkxNTFmXkEyXkFqcGdeQXVyNjU0OTQ0OTY@._V1_UX128_CR0,3,128,176_AL_.jpg","James Cameron (dir.), Arnold Schwarzenegger, Linda Hamilton",8.5,1041481,"$205,881,154","$312,106,698","$520,881,154"
tt0114814,35,The Usual Suspects,The Usual Suspects (1995),1995,"https://m.media-amazon.com/images/M/MV5BYTViNjMyNmUtNDFkNC00ZDRlLThmMDUtZDU2YWE4NGI2ZjVmXkEyXkFqcGdeQXVyNjU0OTQ0OTY@._V1_UX128_CR0,3,128,176_AL_.jpg","Bryan Singer (dir.), Kevin Spacey, Gabriel Byrne",8.5,1036137,"$23,341,568",None,"$23,341,568"
tt0088763,36,Back to the Future,Back to the Future (1985),1985,"https://m.media-amazon.com/images/M/MV5BZmU0M2Y1OGUtZjIxNi00ZjBkLTg1MjgtOWIyNThiZWIwYjRiXkEyXkFqcGdeQXVyMTQxNzMzNDI@._V1_UX128_CR0,3,128,176_AL_.jpg","Robert Zemeckis (dir.), Michael J. Fox, Christopher Lloyd",8.5,1123762,"$211,406,762","$170,500,000","$381,906,762"
tt0054215,37,Psycho,Psycho (1960),1960,"https://m.media-amazon.com/images/M/MV5BNTQwNDM1YzItNDAxZC00NWY2LTk0M2UtNDIwNWI5OGUyNWUxXkEyXkFqcGdeQXVyNzkwMjQ5NzM@._V1_UX128_CR0,3,128,176_AL_.jpg","Alfred Hitchcock (dir.), Anthony Perkins, Janet Leigh",8.5,636895,"$32,000,000","$41,845","$32,041,845"
tt0110357,38,The Lion King,The Lion King (1994),1994,"https://m.media-amazon.com/images/M/MV5BYTYxNGMyZTYtMjE3MS00MzNjLWFjNmYtMDk3N2FmM2JiM2M1XkEyXkFqcGdeQXVyNjY5NDU4NzI@._V1_UX128_CR0,3,128,176_AL_.jpg","Roger Allers (dir.), Matthew Broderick, Jeremy Irons",8.5,992302,"$422,783,777","$640,828,028","$1,063,611,805"
tt0027977,39,Modern Times,Modern Times (1936),1936,"https://m.media-amazon.com/images/M/MV5BYjJiZjMzYzktNjU0NS00OTkxLWEwYzItYzdhYWJjN2QzMTRlL2ltYWdlL2ltYWdlXkEyXkFqcGdeQXVyNjU0OTQ0OTY@._V1_UX128_CR0,3,128,176_AL_.jpg","Charles Chaplin (dir.), Charles Chaplin, Paulette Goddard",8.5,230594,"$163,577","$294,111","$457,688"
tt0120586,40,American History X,American History X (1998),1998,"https://m.media-amazon.com/images/M/MV5BZTJhN2FkYWEtMGI0My00YWM4LWI2MjAtM2UwNjY4MTI2ZTQyXkEyXkFqcGdeQXVyNjc3MjQzNTI@._V1_UX128_CR0,3,128,176_AL_.jpg","Tony Kaye (dir.), Edward Norton, Edward Furlong",8.5,1074103,"$6,719,864","$17,155,263","$23,875,127"
tt0095327,41,Grave of the Fireflies,Grave of the Fireflies (1988),1988,"https://m.media-amazon.com/images/M/MV5BZmY2NjUzNDQtNTgxNC00M2Q4LTljOWQtMjNjNDBjNWUxNmJlXkEyXkFqcGdeQXVyNTA4NzY1MzY@._V1_UX128_CR0,3,128,176_AL_.jpg","Isao Takahata (dir.), Tsutomu Tatsumi, Ayano Shiraishi",8.5,255943,"$516,962",None,"$516,962"
tt0021749,42,City Lights,City Lights (1931),1931,"https://m.media-amazon.com/images/M/MV5BY2I4MmM1N2EtM2YzOS00OWUzLTkzYzctNDc5NDg2N2IyODJmXkEyXkFqcGdeQXVyNzkwMjQ5NzM@._V1_UX128_CR0,3,128,176_AL_.jpg","Charles Chaplin (dir.), Charles Chaplin, Virginia Cherrill",8.5,177361,"$19,181","$27,836","$47,017"
tt2582802,43,Whiplash,Whiplash (2014),2014,"https://m.media-amazon.com/images/M/MV5BOTA5NDZlZGUtMjAxOS00YTRkLTkwYmMtYWQ0NWEwZDZiNjEzXkEyXkFqcGdeQXVyMTMxODk2OTU@._V1_UX128_CR0,3,128,176_AL_.jpg","Damien Chazelle (dir.), Miles Teller, J.K. Simmons",8.5,773528,"$13,092,000","$36,304,747","$49,396,747"
tt0172495,44,Gladiator,Gladiator (2000),2000,"https://m.media-amazon.com/images/M/MV5BMDliMmNhNDEtODUyOS00MjNlLTgxODEtN2U3NzIxMGVkZTA1L2ltYWdlXkEyXkFqcGdeQXVyNjU0OTQ0OTY@._V1_UX128_CR0,3,128,176_AL_.jpg","Ridley Scott (dir.), Russell Crowe, Joaquin Phoenix",8.5,1412381,"$187,705,427","$277,675,375","$465,380,802"
tt0407887,45,The Departed,The Departed (2006),2006,"https://m.media-amazon.com/images/M/MV5BMTI1MTY2OTIxNV5BMl5BanBnXkFtZTYwNjQ4NjY3._V1_UX128_CR0,3,128,176_AL_.jpg","Martin Scorsese (dir.), Leonardo DiCaprio, Matt Damon",8.5,1251330,"$132,384,315","$159,081,058","$291,465,373"
tt1675434,46,The Intouchables,The Intouchables (2011),2011,"https://m.media-amazon.com/images/M/MV5BMTYxNDA3MDQwNl5BMl5BanBnXkFtZTcwNTU4Mzc1Nw@@._V1_UX128_CR0,3,128,176_AL_.jpg","Olivier Nakache (dir.), François Cluzet, Omar Sy",8.5,804673,"$10,198,820","$416,389,690","$426,588,510"
tt0482571,47,The Prestige,The Prestige (2006),2006,"https://m.media-amazon.com/images/M/MV5BMjA4NDI0MTIxNF5BMl5BanBnXkFtZTYwNTM0MzY2._V1_UX128_CR0,3,128,176_AL_.jpg","Christopher Nolan (dir.), Christian Bale, Hugh Jackman",8.5,1256671,"$53,089,891","$56,586,420","$109,676,311"
tt0034583,48,Casablanca,Casablanca (1942),1942,"https://m.media-amazon.com/images/M/MV5BY2IzZGY2YmEtYzljNS00NTM5LTgwMzUtMzM1NjQ4NGI0OTk0XkEyXkFqcGdeQXVyNDYyMDk5MTU@._V1_UX128_CR0,3,128,176_AL_.jpg","Michael Curtiz (dir.), Humphrey Bogart, Ingrid Bergman",8.4,546648,"$4,108,411","$267,876","$4,376,287"
tt0064116,49,Once Upon a Time in the West,Once Upon a Time in the West (1968),1968,"https://m.media-amazon.com/images/M/MV5BZGI5MjBmYzYtMzJhZi00NGI1LTk3MzItYjBjMzcxM2U3MDdiXkEyXkFqcGdeQXVyNzkwMjQ5NzM@._V1_UX128_CR0,3,128,176_AL_.jpg","Sergio Leone (dir.), Henry Fonda, Charles Bronson",8.4,316579,"$5,321,508","$113,317","$5,434,825"
tt0047396,50,Rear Window,Rear Window (1954),1954,"https://m.media-amazon.com/images/M/MV5BNGUxYWM3M2MtMGM3Mi00ZmRiLWE0NGQtZjE5ODI2OTJhNTU0XkEyXkFqcGdeQXVyMTQxNzMzNDI@._V1_UX128_CR0,3,128,176_AL_.jpg","Alfred Hitchcock (dir.), James Stewart, Grace Kelly",8.4,469273,"$36,764,313","$270,201","$37,034,514"
tt0095765,51,Cinema Paradiso,Cinema Paradiso (1988),1988,"https://m.media-amazon.com/images/M/MV5BM2FhYjEyYmYtMDI1Yy00YTdlLWI2NWQtYmEzNzAxOGY1NjY2XkEyXkFqcGdeQXVyNTA3NTIyNDg@._V1_UX128_CR0,3,128,176_AL_.jpg","Giuseppe Tornatore (dir.), Philippe Noiret, Enzo Cannavale",8.4,247619,"$12,397,210","$621,853","$13,019,063"
tt0078748,52,Alien,Alien (1979),1979,"https://m.media-amazon.com/images/M/MV5BMmQ2MmU3NzktZjAxOC00ZDZhLTk4YzEtMDMyMzcxY2IwMDAyXkEyXkFqcGdeQXVyNzkwMjQ5NzM@._V1_UX128_CR0,3,128,176_AL_.jpg","Ridley Scott (dir.), Sigourney Weaver, Tom Skerritt",8.4,831277,"$81,900,459","$24,385,063","$106,285,522"
tt0078788,53,Apocalypse Now,Apocalypse Now (1979),1979,"https://m.media-amazon.com/images/M/MV5BMDdhODg0MjYtYzBiOS00ZmI5LWEwZGYtZDEyNDU4MmQyNzFkXkEyXkFqcGdeQXVyNzkwMjQ5NzM@._V1_UX128_CR0,3,128,176_AL_.jpg","Francis Ford Coppola (dir.), Martin Sheen, Marlon Brando",8.4,635190,"$83,471,511","$8,686,553","$92,158,064"
tt0209144,54,Memento,Memento (2000),2000,"https://m.media-amazon.com/images/M/MV5BZTcyNjk1MjgtOWI3Mi00YzQwLWI5MTktMzY4ZmI2NDAyNzYzXkEyXkFqcGdeQXVyNjU0OTQ0OTY@._V1_UX128_CR0,3,128,176_AL_.jpg","Christopher Nolan (dir.), Guy Pearce, Carrie-Anne Moss",8.4,1177926,"$25,544,867","$14,502,211","$40,047,078"
tt0082971,55,Indiana Jones and the Raiders of the Lost Ark,Indiana Jones and the Raiders of the Lost Ark (1981),1981,"https://m.media-amazon.com/images/M/MV5BMjA0ODEzMTc1Nl5BMl5BanBnXkFtZTcwODM2MjAxNA@@._V1_UX128_CR0,3,128,176_AL_.jpg","Steven Spielberg (dir.), Harrison Ford, Karen Allen",8.4,923169,"$248,159,971","$141,766,000","$389,925,971"
tt0032553,56,The Great Dictator,The Great Dictator (1940),1940,"https://m.media-amazon.com/images/M/MV5BMmExYWJjNTktNGUyZS00ODhmLTkxYzAtNWIzOGEyMGNiMmUwXkEyXkFqcGdeQXVyNjU0OTQ0OTY@._V1_UX128_CR0,3,128,176_AL_.jpg","Charles Chaplin (dir.), Charles Chaplin, Paulette Goddard",8.4,214725,None,"$969,879","$969,879"
tt0405094,57,The Lives of Others,The Lives of Others (2006),2006,"https://m.media-amazon.com/images/M/MV5BOThkM2EzYmMtNDE3NS00NjlhLTg4YzktYTdhNzgyOWY3ZDYzXkEyXkFqcGdeQXVyNzQzNzQxNzI@._V1_UX128_CR0,1,128,176_AL_.jpg","Florian Henckel von Donnersmarck (dir.), Ulrich Mühe, Martina Gedeck",8.4,375283,"$11,286,112","$66,070,830","$77,356,942"
tt1853728,58,Django Unchained,Django Unchained (2012),2012,"https://m.media-amazon.com/images/M/MV5BMjIyNTQ5NjQ1OV5BMl5BanBnXkFtZTcwODg1MDU4OA@@._V1_UX128_CR0,3,128,176_AL_.jpg","Quentin Tarantino (dir.), Jamie Foxx, Christoph Waltz",8.4,1443362,"$162,805,434","$263,268,939","$426,074,373"
tt0050825,59,Paths of Glory,Paths of Glory (1957),1957,"https://m.media-amazon.com/images/M/MV5BNjViMmRkOTEtM2ViOS00ODg0LWJhYWEtNTBlOGQxNDczOGY3XkEyXkFqcGdeQXVyMDI2NDg0NQ@@._V1_UX128_CR0,1,128,176_AL_.jpg","Stanley Kubrick (dir.), Kirk Douglas, Ralph Meeker",8.4,188689,None,"$5,252","$5,252"
tt0043014,60,Sunset Blvd.,Sunset Blvd. (1950),1950,"https://m.media-amazon.com/images/M/MV5BMTU0NTkyNzYwMF5BMl5BanBnXkFtZTgwMDU0NDk5MTI@._V1_UX128_CR0,3,128,176_AL_.jpg","Billy Wilder (dir.), William Holden, Gloria Swanson",8.4,212806,"$299,645",$428,"$300,073"
tt0910970,61,WALL·E,WALL·E (2008),2008,"https://m.media-amazon.com/images/M/MV5BMjExMTg5OTU0NF5BMl5BanBnXkFtZTcwMjMxMzMzMw@@._V1_UX128_CR0,3,128,176_AL_.jpg","Andrew Stanton (dir.), Ben Burtt, Elissa Knight",8.4,1051298,"$223,808,164","$297,503,726","$521,311,890"
tt4154756,62,Avengers: Infinity War,Avengers: Infinity War (2018),2018,"https://m.media-amazon.com/images/M/MV5BMjMxNjY2MDU1OV5BMl5BanBnXkFtZTgwNzY1MTUwNTM@._V1_UX128_CR0,3,128,176_AL_.jpg","Anthony Russo (dir.), Robert Downey Jr., Chris Hemsworth",8.4,942999,"$678,815,482","$1,369,544,272","$2,048,359,754"
tt0051201,63,Witness for the Prosecution,Witness for the Prosecution (1957),1957,"https://m.media-amazon.com/images/M/MV5BZDA4MWNkMTctZDQ0Mi00MTY2LThjYTAtNWM5OTY3NzA4MzIyXkEyXkFqcGdeQXVyNTE1NjY5Mg@@._V1_UX128_CR0,1,128,176_AL_.jpg","Billy Wilder (dir.), Tyrone Power, Marlene Dietrich",8.4,117733,None,"$7,693","$7,693"
tt0081505,64,The Shining,The Shining (1980),1980,"https://m.media-amazon.com/images/M/MV5BZWFlYmY2MGEtZjVkYS00YzU4LTg0YjQtYzY1ZGE3NTA5NGQxXkEyXkFqcGdeQXVyMTQxNzMzNDI@._V1_UX128_CR0,3,128,176_AL_.jpg","Stanley Kubrick (dir.), Jack Nicholson, Shelley Duvall",8.4,955045,"$45,332,952","$1,665,820","$46,998,772"
tt4633694,65,Spider-Man: Into the Spider-Verse,Spider-Man: Into the Spider-Verse (2018),2018,"https://m.media-amazon.com/images/M/MV5BMjMwNDkxMTgzOF5BMl5BanBnXkFtZTgwNTkwNTQ3NjM@._V1_UX128_CR0,3,128,176_AL_.jpg","Bob Persichetti (dir.), Shameik Moore, Jake Johnson",8.4,437982,"$190,241,310","$185,299,521","$375,540,831"
tt0057012,66,Dr. Strangelove or: How I Learned to Stop Worrying and Love the Bomb,Dr. Strangelove or: How I Learned to Stop Worrying and Love the Bomb (1964),1964,"https://m.media-amazon.com/images/M/MV5BZWI3ZTMxNjctMjdlNS00NmUwLWFiM2YtZDUyY2I3N2MxYTE0XkEyXkFqcGdeQXVyNzkwMjQ5NzM@._V1_UX128_CR0,3,128,176_AL_.jpg","Stanley Kubrick (dir.), Peter Sellers, George C. Scott",8.4,470564,"$9,440,272","$83,192","$9,523,464"
tt0119698,67,Princess Mononoke,Princess Mononoke (1997),1997,"https://m.media-amazon.com/images/M/MV5BNGIzY2IzODQtNThmMi00ZDE4LWI5YzAtNzNlZTM1ZjYyYjUyXkEyXkFqcGdeQXVyODEzNjM5OTQ@._V1_UX128_CR0,3,128,176_AL_.jpg","Hayao Miyazaki (dir.), Yôji Matsuda, Yuriko Ishida",8.3,368809,"$4,845,631","$164,940,073","$169,785,704"
tt7286456,68,Joker,Joker (2019),2019,"https://m.media-amazon.com/images/M/MV5BNGVjNWI4ZGUtNzE0MS00YTJmLWE0ZDctN2ZiYTk2YmI3NTYyXkEyXkFqcGdeQXVyMTkxNjUyNQ@@._V1_UX128_CR0,3,128,176_AL_.jpg","Todd Phillips (dir.), Joaquin Phoenix, Robert De Niro",8.3,1097619,"$335,451,311","$738,968,073","$1,074,419,384"
tt0364569,69,Oldboy,Oldboy (2003),2003,"https://m.media-amazon.com/images/M/MV5BMTI3NTQyMzU5M15BMl5BanBnXkFtZTcwMTM2MjgyMQ@@._V1_UX128_CR0,3,128,176_AL_.jpg","Park Chan-Wook (dir.), Choi Min-sik, Yoo Ji-Tae",8.3,546463,"$707,481","$14,482,453","$15,189,934"
tt5311514,70,Your Name.,Your Name. (2016),2016,"https://m.media-amazon.com/images/M/MV5BODRmZDVmNzUtZDA4ZC00NjhkLWI2M2UtN2M0ZDIzNDcxYThjL2ltYWdlXkEyXkFqcGdeQXVyNTk0MzMzODA@._V1_UX128_CR0,3,128,176_AL_.jpg","Makoto Shinkai (dir.), Ryûnosuke Kamiki, Mone Kamishiraishi",8.3,230750,"$5,017,246","$353,162,869","$358,180,115"
tt2380307,71,Coco,Coco (2017),2017,"https://m.media-amazon.com/images/M/MV5BYjQ5NjM0Y2YtNjZkNC00ZDhkLWJjMWItN2QyNzFkMDE3ZjAxXkEyXkFqcGdeQXVyODIxMzk5NjA@._V1_UX128_CR0,1,128,176_AL_.jpg","Lee Unkrich (dir.), Anthony Gonzalez, Gael García Bernal",8.3,441880,"$210,460,015","$597,357,873","$807,817,888"
tt1345836,72,The Dark Knight Rises,The Dark Knight Rises (2012),2012,"https://m.media-amazon.com/images/M/MV5BMTk4ODQzNDY3Ml5BMl5BanBnXkFtZTcwODA0NTM4Nw@@._V1_UX128_CR0,3,128,176_AL_.jpg","Christopher Nolan (dir.), Christian Bale, Tom Hardy",8.3,1592448,"$448,139,099","$633,003,513","$1,081,142,612"
tt0090605,73,Aliens,Aliens (1986),1986,"https://m.media-amazon.com/images/M/MV5BZGU2OGY5ZTYtMWNhYy00NjZiLWI0NjUtZmNhY2JhNDRmODU3XkEyXkFqcGdeQXVyNzkwMjQ5NzM@._V1_UX128_CR0,3,128,176_AL_.jpg","James Cameron (dir.), Sigourney Weaver, Michael Biehn",8.3,684200,"$85,160,248","$45,900,000","$131,060,248"
tt0087843,74,Once Upon a Time in America,Once Upon a Time in America (1984),1984,"https://m.media-amazon.com/images/M/MV5BMGFkNWI4MTMtNGQ0OC00MWVmLTk3MTktOGYxN2Y2YWVkZWE2XkEyXkFqcGdeQXVyNjU0OTQ0OTY@._V1_UX128_CR0,3,128,176_AL_.jpg","Sergio Leone (dir.), Robert De Niro, James Woods",8.3,332788,"$5,321,508","$151,829","$5,473,337"
tt4154796,75,Avengers: Endgame,Avengers: Endgame (2019),2019,"https://m.media-amazon.com/images/M/MV5BMTc5MDE2ODcwNV5BMl5BanBnXkFtZTgwMzI2NzQ2NzM@._V1_UX128_CR0,3,128,176_AL_.jpg","Anthony Russo (dir.), Robert Downey Jr., Chris Evans",8.3,963238,"$858,373,000","$1,939,128,328","$2,797,501,328"
tt8267604,76,Capernaum,Capernaum (2018),2018,"https://m.media-amazon.com/images/M/MV5BMmExNzU2ZWMtYzUwYi00YmM2LTkxZTQtNmVhNjY0NTMyMWI2XkEyXkFqcGdeQXVyMTMxODk2OTU@._V1_UX128_CR0,3,128,176_AL_.jpg","Nadine Labaki (dir.), Zain Al Rafeea, Yordanos Shiferaw",8.3,77912,"$1,661,096","$62,755,907","$64,417,003"
tt0082096,77,Das Boot,Das Boot (1981),1981,"https://m.media-amazon.com/images/M/MV5BOGZhZDIzNWMtNjkxMS00MDQ1LThkMTYtZWQzYWU3MWMxMGU5XkEyXkFqcGdeQXVyNjc1NTYyMjg@._V1_UX128_CR0,3,128,176_AL_.jpg","Wolfgang Petersen (dir.), Jürgen Prochnow, Herbert Grönemeyer",8.3,242196,"$11,487,676",None,"$11,487,676"
tt0057565,78,High and Low,High and Low (1963),1963,"https://m.media-amazon.com/images/M/MV5BOTI4NTNhZDMtMWNkZi00MTRmLWJmZDQtMmJkMGVmZTEzODlhXkEyXkFqcGdeQXVyNjc1NTYyMjg@._V1_UX128_CR0,3,128,176_AL_.jpg","Akira Kurosawa (dir.), Toshirô Mifune, Yutaka Sada",8.3,40404,"$46,808",None,"$46,808"
tt0169547,79,American Beauty,American Beauty (1999),1999,"https://m.media-amazon.com/images/M/MV5BNTBmZWJkNjctNDhiNC00MGE2LWEwOTctZTk5OGVhMWMyNmVhXkEyXkFqcGdeQXVyMTMxODk2OTU@._V1_UX128_CR0,3,128,176_AL_.jpg","Sam Mendes (dir.), Kevin Spacey, Annette Bening",8.3,1111033,"$130,096,601","$226,200,000","$356,296,601"
tt1187043,80,3 Idiots,3 Idiots (2009),2009,"https://m.media-amazon.com/images/M/MV5BNTkyOGVjMGEtNmQzZi00NzFlLTlhOWQtODYyMDc2ZGJmYzFhXkEyXkFqcGdeQXVyNjU0OTQ0OTY@._V1_UX128_CR0,1,128,176_AL_.jpg","Rajkumar Hirani (dir.), Aamir Khan, Madhavan",8.3,371662,"$6,532,874","$53,729,962","$60,262,836"
tt0114709,81,Toy Story,Toy Story (1995),1995,"https://m.media-amazon.com/images/M/MV5BMDU2ZWJlMjktMTRhMy00ZTA5LWEzNDgtYmNmZTEwZTViZWJkXkEyXkFqcGdeQXVyNDQ2OTk4MzI@._V1_UX128_CR0,3,128,176_AL_.jpg","John Lasseter (dir.), Tom Hanks, Tim Allen",8.3,934863,"$223,225,679","$171,210,907","$394,436,586"
tt0086879,82,Amadeus,Amadeus (1984),1984,"https://m.media-amazon.com/images/M/MV5BNWJlNzUzNGMtYTAwMS00ZjI2LWFmNWQtODcxNWUxODA5YmU1XkEyXkFqcGdeQXVyNTIzOTk5ODM@._V1_UX128_CR0,3,128,176_AL_.jpg","Milos Forman (dir.), F. Murray Abraham, Tom Hulce",8.3,384880,"$51,973,029","$93,762","$52,066,791"
tt0112573,83,Braveheart,Braveheart (1995),1995,"https://m.media-amazon.com/images/M/MV5BMzkzMmU0YTYtOWM3My00YzBmLWI0YzctOGYyNTkwMWE5MTJkXkEyXkFqcGdeQXVyNzkwMjQ5NzM@._V1_UX128_CR0,3,128,176_AL_.jpg","Mel Gibson (dir.), Mel Gibson, Sophie Marceau",8.3,994687,"$75,609,945","$137,606,271","$213,216,216"
tt8503618,84,Hamilton,Hamilton (2020),2020,"https://m.media-amazon.com/images/M/MV5BNjViNWRjYWEtZTI0NC00N2E3LTk0NGQtMjY4NTM3OGNkZjY0XkEyXkFqcGdeQXVyMjUxMTY3ODM@._V1_UX128_CR0,3,128,176_AL_.jpg","Thomas Kail (dir.), Lin-Manuel Miranda, Phillipa Soo",8.3,76777,None,None,None
tt0361748,85,Inglourious Basterds,Inglourious Basterds (2009),2009,"https://m.media-amazon.com/images/M/MV5BOTJiNDEzOWYtMTVjOC00ZjlmLWE0NGMtZmE1OWVmZDQ2OWJhXkEyXkFqcGdeQXVyNTIzOTk5ODM@._V1_UX128_CR0,3,128,176_AL_.jpg","Quentin Tarantino (dir.), Brad Pitt, Diane Kruger",8.3,1347543,"$120,540,719","$200,917,028","$321,457,747"
tt0119217,86,Good Will Hunting,Good Will Hunting (1997),1997,"https://m.media-amazon.com/images/M/MV5BOTI0MzcxMTYtZDVkMy00NjY1LTgyMTYtZmUxN2M3NmQ2NWJhXkEyXkFqcGdeQXVyMTQxNzMzNDI@._V1_UX128_CR0,3,128,176_AL_.jpg","Gus Van Sant (dir.), Robin Williams, Matt Damon",8.3,909325,"$138,433,435","$87,500,000","$225,933,435"
tt0086190,87,Star Wars: Episode VI - Return of the Jedi,Star Wars: Episode VI - Return of the Jedi (1983),1983,"https://m.media-amazon.com/images/M/MV5BOWZlMjFiYzgtMTUzNC00Y2IzLTk1NTMtZmNhMTczNTk0ODk1XkEyXkFqcGdeQXVyNTAyODkwOQ@@._V1_UX128_CR0,3,128,176_AL_.jpg","Richard Marquand (dir.), Mark Hamill, Harrison Ford",8.3,993989,"$309,306,177","$122,009,457","$475,106,177"
tt0062622,88,2001: A Space Odyssey,2001: A Space Odyssey (1968),1968,"https://m.media-amazon.com/images/M/MV5BMmNlYzRiNDctZWNhMi00MzI4LThkZTctMTUzMmZkMmFmNThmXkEyXkFqcGdeQXVyNzkwMjQ5NzM@._V1_UX128_CR0,3,128,176_AL_.jpg","Stanley Kubrick (dir.), Keir Dullea, Gary Lockwood",8.3,635245,"$60,405,931","$5,396,565","$65,802,496"
tt0105236,89,Reservoir Dogs,Reservoir Dogs (1992),1992,"https://m.media-amazon.com/images/M/MV5BZmExNmEwYWItYmQzOS00YjA5LTk2MjktZjEyZDE1Y2QxNjA1XkEyXkFqcGdeQXVyMTQxNzMzNDI@._V1_UX128_CR0,3,128,176_AL_.jpg","Quentin Tarantino (dir.), Harvey Keitel, Tim Roth",8.3,965753,"$2,832,029","$81,615","$2,913,644"
tt0022100,90,M,M (1931),1931,"https://m.media-amazon.com/images/M/MV5BODA4ODk3OTEzMF5BMl5BanBnXkFtZTgwMTQ2ODMwMzE@._V1_UX128_CR0,3,128,176_AL_.jpg","Fritz Lang (dir.), Peter Lorre, Ellen Widmann",8.3,151782,"$35,566",None,"$35,566"
tt0052357,91,Vertigo,Vertigo (1958),1958,"https://m.media-amazon.com/images/M/MV5BYTE4ODEwZDUtNDFjOC00NjAxLWEzYTQtYTI1NGVmZmFlNjdiL2ltYWdlL2ltYWdlXkEyXkFqcGdeQXVyNjc1NTYyMjg@._V1_UX128_CR0,3,128,176_AL_.jpg","Alfred Hitchcock (dir.), James Stewart, Kim Novak",8.3,385386,"$7,705,225","$92,503","$7,797,728"
tt0986264,92,Like Stars on Earth,Like Stars on Earth (2007),2007,"https://m.media-amazon.com/images/M/MV5BMDhjZWViN2MtNzgxOS00NmI4LThiZDQtZDI3MzM4MDE4NTc0XkEyXkFqcGdeQXVyMTMxODk2OTU@._V1_UX128_CR0,1,128,176_AL_.jpg","Aamir Khan (dir.), Darsheel Safary, Aamir Khan",8.3,182510,"$1,223,869","$20,673,504","$21,897,373"
tt0091251,93,Come and See,Come and See (1985),1985,"https://m.media-amazon.com/images/M/MV5BODM4Njg0NTAtYjI5Ny00ZjAxLTkwNmItZTMxMWU5M2U3M2RjXkEyXkFqcGdeQXVyNzkwMjQ5NzM@._V1_UX128_CR0,3,128,176_AL_.jpg","Elem Klimov (dir.), Aleksey Kravchenko, Olga Mironova",8.3,69602,"$71,909","$20,857,159","$20,929,068"
tt0033467,94,Citizen Kane,Citizen Kane (1941),1941,"https://m.media-amazon.com/images/M/MV5BYjBiOTYxZWItMzdiZi00NjlkLWIzZTYtYmFhZjhiMTljOTdkXkEyXkFqcGdeQXVyNzkwMjQ5NzM@._V1_UX128_CR0,3,128,176_AL_.jpg","Orson Welles (dir.), Orson Welles, Joseph Cotten",8.3,425333,"$1,585,634","$17,603","$1,603,237"
tt2106476,95,The Hunt,The Hunt (2012),2012,"https://m.media-amazon.com/images/M/MV5BMTg2NDg3ODg4NF5BMl5BanBnXkFtZTcwNzk3NTc3Nw@@._V1_UX128_CR0,1,128,176_AL_.jpg","Thomas Vinterberg (dir.), Mads Mikkelsen, Thomas Bo Larsen",8.3,307310,"$613,308","$15,229,966","$15,843,274"
tt0180093,96,Requiem for a Dream,Requiem for a Dream (2000),2000,"https://m.media-amazon.com/images/M/MV5BOTdiNzJlOWUtNWMwNS00NmFlLWI0YTEtZmI3YjIzZWUyY2Y3XkEyXkFqcGdeQXVyNjU0OTQ0OTY@._V1_UX128_CR0,3,128,176_AL_.jpg","Darren Aronofsky (dir.), Ellen Burstyn, Jared Leto",8.3,801232,"$3,635,482","$3,754,626","$7,390,108"
tt0045152,97,Singin' in the Rain,Singin' in the Rain (1952),1952,"https://m.media-amazon.com/images/M/MV5BZDRjNGViMjQtOThlMi00MTA3LThkYzQtNzJkYjBkMGE0YzE1XkEyXkFqcGdeQXVyNDYyMDk5MTU@._V1_UX128_CR0,3,128,176_AL_.jpg","Stanley Donen (dir.), Gene Kelly, Donald O'Connor",8.3,230498,"$1,826,108","$38,948","$1,865,056"
tt0053125,98,North by Northwest,North by Northwest (1959),1959,"https://m.media-amazon.com/images/M/MV5BZDA3NDExMTUtMDlhOC00MmQ5LWExZGUtYmI1NGVlZWI4OWNiXkEyXkFqcGdeQXVyNjc1NTYyMjg@._V1_UX128_CR0,3,128,176_AL_.jpg","Alfred Hitchcock (dir.), Cary Grant, Eva Marie Saint",8.3,314487,None,"$75,591","$75,591"
tt0338013,99,Eternal Sunshine of the Spotless Mind,Eternal Sunshine of the Spotless Mind (2004),2004,"https://m.media-amazon.com/images/M/MV5BMTY4NzcwODg3Nl5BMl5BanBnXkFtZTcwNTEwOTMyMw@@._V1_UX128_CR0,3,128,176_AL_.jpg","Michel Gondry (dir.), Jim Carrey, Kate Winslet",8.3,955690,"$34,400,301","$39,636,414","$74,036,715"
tt0040522,100,Bicycle Thieves,Bicycle Thieves (1948),1948,"https://m.media-amazon.com/images/M/MV5BNmI1ODdjODctMDlmMC00ZWViLWI5MzYtYzRhNDdjYmM3MzFjXkEyXkFqcGdeQXVyMTMxODk2OTU@._V1_UX128_CR0,3,128,176_AL_.jpg","Vittorio De Sica (dir.), Lamberto Maggiorani, Enzo Staiola",8.3,156963,"$371,111","$65,544","$436,655"
tt0044741,101,Ikiru,Ikiru (1952),1952,"https://m.media-amazon.com/images/M/MV5BZmM0NGY3Y2MtMTA1YS00YmQzLTk2YTctYWFhMDkzMDRjZWQzXkEyXkFqcGdeQXVyNTA4NzY1MzY@._V1_UX128_CR0,3,128,176_AL_.jpg","Akira Kurosawa (dir.), Takashi Shimura, Nobuo Kaneko",8.3,74441,"$60,239","$36,063","$96,302"
tt0056172,102,Lawrence of Arabia,Lawrence of Arabia (1962),1962,"https://m.media-amazon.com/images/M/MV5BYWY5ZjhjNGYtZmI2Ny00ODM0LWFkNzgtZmI1YzA2N2MxMzA0XkEyXkFqcGdeQXVyNjUwNzk3NDc@._V1_UX128_CR0,3,128,176_AL_.jpg","David Lean (dir.), Peter O'Toole, Alec Guinness",8.3,281462,"$45,306,425","$409,332","$45,715,757"
tt0012349,103,The Kid,The Kid (1921),1921,"https://m.media-amazon.com/images/M/MV5BZjhhMThhNDItNTY2MC00MmU1LTliNDEtNDdhZjdlNTY5ZDQ1XkEyXkFqcGdeQXVyNjc1NTYyMjg@._V1_UX128_CR0,3,128,176_AL_.jpg","Charles Chaplin (dir.), Charles Chaplin, Edna Purviance",8.2,121121,None,"$39,860","$39,860"
tt0093058,104,Full Metal Jacket,Full Metal Jacket (1987),1987,"https://m.media-amazon.com/images/M/MV5BNzkxODk0NjEtYjc4Mi00ZDI0LTgyYjEtYzc1NDkxY2YzYTgyXkEyXkFqcGdeQXVyNzkwMjQ5NzM@._V1_UX128_CR0,3,128,176_AL_.jpg","Stanley Kubrick (dir.), Matthew Modine, R. Lee Ermey",8.2,706822,"$46,357,676",None,"$46,357,676"
tt15097216,105,Jai Bhim,Jai Bhim (2021),2021,"https://m.media-amazon.com/images/M/MV5BY2Y5ZWMwZDgtZDQxYy00Mjk0LThhY2YtMmU1MTRmMjVhMjRiXkEyXkFqcGdeQXVyMTI1NDEyNTM5._V1_UY176_CR6,0,128,176_AL_.jpg","T.J. Gnanavel (dir.), Suriya, Lijo Mol Jose",8.2,136088,None,None,None
tt5074352,106,Dangal,Dangal (2016),2016,"https://m.media-amazon.com/images/M/MV5BMTQ4MzQzMzM2Nl5BMl5BanBnXkFtZTgwMTQ1NzU3MDI@._V1_UX128_CR0,1,128,176_AL_.jpg","Nitesh Tiwari (dir.), Aamir Khan, Sakshi Tanwar",8.2,173932,"$12,391,761","$291,331,875","$303,723,636"
tt10272386,107,The Father,The Father (2020),2020,"https://m.media-amazon.com/images/M/MV5BZGJhNWRiOWQtMjI4OS00ZjcxLTgwMTAtMzQ2ODkxY2JkOTVlXkEyXkFqcGdeQXVyMTkxNjUyNQ@@._V1_UX128_CR0,3,128,176_AL_.jpg","Florian Zeller (dir.), Anthony Hopkins, Olivia Colman",8.2,107173,"$2,122,771","$22,201,023","$24,323,794"
tt0053604,108,The Apartment,The Apartment (1960),1960,"https://m.media-amazon.com/images/M/MV5BNzkwODFjNzItMmMwNi00MTU5LWE2MzktM2M4ZDczZGM1MmViXkEyXkFqcGdeQXVyNDY2MTk1ODk@._V1_UX128_CR0,3,128,176_AL_.jpg","Billy Wilder (dir.), Jack Lemmon, Shirley MacLaine",8.2,173516,"$18,600,000","$178,454","$18,778,454"
tt1255953,109,Incendies,Incendies (2010),2010,"https://m.media-amazon.com/images/M/MV5BMWE3MGYzZjktY2Q5Mi00Y2NiLWIyYWUtMmIyNzA3YmZlMGFhXkEyXkFqcGdeQXVyMTMxODk2OTU@._V1_UX128_CR0,3,128,176_AL_.jpg","Denis Villeneuve (dir.), Lubna Azabal, Mélissa Désormeaux-Poulin",8.2,165170,"$2,071,334","$4,742,506","$6,813,840"
tt0017136,110,Metropolis,Metropolis (1927),1927,"https://m.media-amazon.com/images/M/MV5BMTg5YWIyMWUtZDY5My00Zjc1LTljOTctYmI0MWRmY2M2NmRkXkEyXkFqcGdeQXVyMTMxODk2OTU@._V1_UX128_CR0,3,128,176_AL_.jpg","Fritz Lang (dir.), Brigitte Helm, Alfred Abel",8.2,168022,"$1,236,166","$113,545","$1,349,711"
tt0066921,111,A Clockwork Orange,A Clockwork Orange (1971),1971,"https://m.media-amazon.com/images/M/MV5BMTY3MjM1Mzc4N15BMl5BanBnXkFtZTgwODM0NzAxMDE@._V1_UX128_CR0,3,128,176_AL_.jpg","Stanley Kubrick (dir.), Malcolm McDowell, Patrick Magee",8.2,791655,"$26,589,355","$315,281","$26,904,636"
tt0036775,112,Double Indemnity,Double Indemnity (1944),1944,"https://m.media-amazon.com/images/M/MV5BOTdlNjgyZGUtOTczYi00MDdhLTljZmMtYTEwZmRiOWFkYjRhXkEyXkFqcGdeQXVyNDY2MTk1ODk@._V1_UX128_CR0,3,128,176_AL_.jpg","Billy Wilder (dir.), Fred MacMurray, Barbara Stanwyck",8.2,151027,None,"$14,190","$14,190"
tt0075314,113,Taxi Driver,Taxi Driver (1976),1976,"https://m.media-amazon.com/images/M/MV5BM2M1MmVhNDgtNmI0YS00ZDNmLTkyNjctNTJiYTQ2N2NmYzc2XkEyXkFqcGdeQXVyNzkwMjQ5NzM@._V1_UX128_CR0,3,128,176_AL_.jpg","Martin Scorsese (dir.), Robert De Niro, Jodie Foster",8.2,768988,"$28,262,574","$308,328","$28,570,902"
tt0048473,114,Pather Panchali,Pather Panchali (1955),1955,"https://m.media-amazon.com/images/M/MV5BNDE5YmMxYjEtZjNjNC00NjM2LWE2ZjctOTkyNGMxODRiMGNiXkEyXkFqcGdeQXVyNTgyNTA4MjM@._V1_UX128_CR0,1,128,176_AL_.jpg","Satyajit Ray (dir.), Kanu Bannerjee, Karuna Bannerjee",8.2,29349,"$134,241","$1,101","$135,342"
tt1832382,115,A Separation,A Separation (2011),2011,"https://m.media-amazon.com/images/M/MV5BN2JmMjViMjMtZTM5Mi00ZGZkLTk5YzctZDg5MjFjZDE4NjNkXkEyXkFqcGdeQXVyMTMxODk2OTU@._V1_UX128_CR0,3,128,176_AL_.jpg","Asghar Farhadi (dir.), Payman Maadi, Leila Hatami",8.2,233757,"$7,099,055","$15,827,021","$22,926,076"
tt0070735,116,The Sting,The Sting (1973),1973,"https://m.media-amazon.com/images/M/MV5BNGU3NjQ4YTMtZGJjOS00YTQ3LThmNmItMTI5MDE2ODI3NzY3XkEyXkFqcGdeQXVyMjUzOTY1NTc@._V1_UX128_CR0,3,128,176_AL_.jpg","George Roy Hill (dir.), Paul Newman, Robert Redford",8.2,252133,"$156,000,000",None,"$156,000,000"
tt0086250,117,Scarface,Scarface (1983),1983,"https://m.media-amazon.com/images/M/MV5BNjdjNGQ4NDEtNTEwYS00MTgxLTliYzQtYzE2ZDRiZjFhZmNlXkEyXkFqcGdeQXVyNjU0OTQ0OTY@._V1_UX128_CR0,3,128,176_AL_.jpg","Brian De Palma (dir.), Al Pacino, Michelle Pfeiffer",8.2,785801,"$45,408,703","$20,476,000","$65,884,703"
tt0208092,118,Snatch,Snatch (2000),2000,"https://m.media-amazon.com/images/M/MV5BMTA2NDYxOGYtYjU1Mi00Y2QzLTgxMTQtMWI1MGI0ZGQ5MmU4XkEyXkFqcGdeQXVyNDk3NzU2MTQ@._V1_UX128_CR0,3,128,176_AL_.jpg","Guy Ritchie (dir.), Jason Statham, Brad Pitt",8.2,817739,"$30,328,156","$53,229,716","$83,557,872"
tt8579674,119,1917,1917 (2019),2019,"https://m.media-amazon.com/images/M/MV5BOTdmNTFjNDEtNzg0My00ZjkxLTg1ZDAtZTdkMDc2ZmFiNWQ1XkEyXkFqcGdeQXVyNTAzNzgwNTg@._V1_UX128_CR0,3,128,176_AL_.jpg","Sam Mendes (dir.), Dean-Charles Chapman, George MacKay",8.2,507431,"$159,227,644","$225,751,505","$384,979,149"
tt0211915,120,Amélie,Amélie (2001),2001,"https://m.media-amazon.com/images/M/MV5BNDg4NjM1YjMtYmNhZC00MjM0LWFiZmYtNGY1YjA3MzZmODc5XkEyXkFqcGdeQXVyNDk3NzU2MTQ@._V1_UX128_CR0,3,128,176_AL_.jpg","Jean-Pierre Jeunet (dir.), Audrey Tautou, Mathieu Kassovitz",8.2,729235,"$33,225,499","$140,802,705","$174,028,204"
tt0056592,121,To Kill a Mockingbird,To Kill a Mockingbird (1962),1962,"https://m.media-amazon.com/images/M/MV5BNmVmYzcwNzMtMWM1NS00MWIyLThlMDEtYzUwZDgzODE1NmE2XkEyXkFqcGdeQXVyNzkwMjQ5NzM@._V1_UX128_CR0,3,128,176_AL_.jpg","Robert Mulligan (dir.), Gregory Peck, John Megna",8.2,305952,"$592,237","$6,909","$599,146"
tt0435761,122,Toy Story 3,Toy Story 3 (2010),2010,"https://m.media-amazon.com/images/M/MV5BMTgxOTY4Mjc0MF5BMl5BanBnXkFtZTcwNTA4MDQyMw@@._V1_UX128_CR0,1,128,176_AL_.jpg","Lee Unkrich (dir.), Tom Hanks, Tim Allen",8.2,792106,"$415,004,880","$651,965,931","$1,066,970,811"
tt0059578,123,For a Few Dollars More,For a Few Dollars More (1965),1965,"https://m.media-amazon.com/images/M/MV5BNWM1NmYyM2ItMTFhNy00NDU0LThlYWUtYjQyYTJmOTY0ZmM0XkEyXkFqcGdeQXVyNjU0OTQ0OTY@._V1_UX128_CR0,3,128,176_AL_.jpg","Sergio Leone (dir.), Clint Eastwood, Lee Van Cleef",8.2,245497,"$15,000,000",None,"$15,000,000"
tt1049413,124,Up,Up (2009),2009,"https://m.media-amazon.com/images/M/MV5BMTk3NDE2NzI4NF5BMl5BanBnXkFtZTgwNzE1MzEyMTE@._V1_UX128_CR0,3,128,176_AL_.jpg","Pete Docter (dir.), Ed Asner, Jordan Nagai",8.2,983726,"$293,004,164","$442,094,938","$735,099,102"
tt0097576,125,Indiana Jones and the Last Crusade,Indiana Jones and the Last Crusade (1989),1989,"https://m.media-amazon.com/images/M/MV5BMjNkMzc2N2QtNjVlNS00ZTk5LTg0MTgtODY2MDAwNTMwZjBjXkEyXkFqcGdeQXVyNDk3NzU2MTQ@._V1_UX128_CR0,3,128,176_AL_.jpg","Steven Spielberg (dir.), Harrison Ford, Sean Connery",8.2,722131,"$197,171,806","$277,000,000","$474,171,806"
tt0113277,126,Heat,Heat (1995),1995,"https://m.media-amazon.com/images/M/MV5BNGMwNzUwNjYtZWM5NS00YzMyLWI4NjAtNjM0ZDBiMzE1YWExXkEyXkFqcGdeQXVyNDk3NzU2MTQ@._V1_UX128_CR0,3,128,176_AL_.jpg","Michael Mann (dir.), Al Pacino, Robert De Niro",8.2,614358,"$67,436,818","$120,000,000","$187,436,818"
tt0119488,127,L.A. Confidential,L.A. Confidential (1997),1997,"https://m.media-amazon.com/images/M/MV5BMDQ2YzEyZGItYWRhOS00MjBmLTkzMDUtMTdjYzkyMmQxZTJlXkEyXkFqcGdeQXVyNjU0OTQ0OTY@._V1_UX128_CR0,3,128,176_AL_.jpg","Curtis Hanson (dir.), Kevin Spacey, Russell Crowe",8.2,556444,"$64,616,940","$61,600,000","$126,216,940"
tt0055630,128,Yojimbo,Yojimbo (1961),1961,"https://m.media-amazon.com/images/M/MV5BZThiZjAzZjgtNDU3MC00YThhLThjYWUtZGRkYjc2ZWZlOTVjXkEyXkFqcGdeQXVyNTA4NzY1MzY@._V1_UX128_CR0,3,128,176_AL_.jpg","Akira Kurosawa (dir.), Toshirô Mifune, Eijirô Tôno",8.2,118146,"$46,808",None,"$46,808"
tt0089881,129,Ran,Ran (1985),1985,"https://m.media-amazon.com/images/M/MV5BNTEyNjg0MDM4OF5BMl5BanBnXkFtZTgwODI0NjUxODE@._V1_UX128_CR0,1,128,176_AL_.jpg","Akira Kurosawa (dir.), Tatsuya Nakadai, Akira Terao",8.2,120387,"$4,135,750","$28,533","$4,164,283"
tt0095016,130,Die Hard,Die Hard (1988),1988,"https://m.media-amazon.com/images/M/MV5BZjRlNDUxZjAtOGQ4OC00OTNlLTgxNmQtYTBmMDgwZmNmNjkxXkEyXkFqcGdeQXVyNzkwMjQ5NzM@._V1_UX128_CR0,3,128,176_AL_.jpg","John McTiernan (dir.), Bruce Willis, Alan Rickman",8.2,826656,"$83,844,093","$57,759,104","$141,603,197"
tt0042876,131,Rashomon,Rashomon (1950),1950,"https://m.media-amazon.com/images/M/MV5BMjEzMzA4NDE2OF5BMl5BanBnXkFtZTcwNTc5MDI2NQ@@._V1_UX128_CR0,3,128,176_AL_.jpg","Akira Kurosawa (dir.), Toshirô Mifune, Machiko Kyô",8.2,161436,"$46,808",None,"$46,808"
tt6966692,132,Green Book,Green Book (2018),2018,"https://m.media-amazon.com/images/M/MV5BYzIzYmJlYTYtNGNiYy00N2EwLTk4ZjItMGYyZTJiOTVkM2RlXkEyXkFqcGdeQXVyODY1NDk1NjE@._V1_UX128_CR0,3,128,176_AL_.jpg","Peter Farrelly (dir.), Viggo Mortensen, Mahershala Ali",8.2,434850,"$85,080,171","$236,672,485","$321,752,656"
tt0363163,133,Downfall,Downfall (2004),2004,"https://m.media-amazon.com/images/M/MV5BMTU0NTU5NTAyMl5BMl5BanBnXkFtZTYwNzYwMDg2._V1_UX128_CR0,3,128,176_AL_.jpg","Oliver Hirschbiegel (dir.), Bruno Ganz, Alexandra Maria Lara",8.2,343657,"$5,509,040","$86,672,534","$92,181,574"
tt0071853,134,Monty Python and the Holy Grail,Monty Python and the Holy Grail (1975),1975,"https://m.media-amazon.com/images/M/MV5BN2IyNTE4YzUtZWU0Mi00MGIwLTgyMmQtMzQ4YzQxYWNlYWE2XkEyXkFqcGdeQXVyNjU0OTQ0OTY@._V1_UX128_CR0,3,128,176_AL_.jpg","Terry Gilliam (dir.), Graham Chapman, John Cleese",8.2,520947,"$1,827,696","$113,210","$1,940,906"
tt0042192,135,All About Eve,All About Eve (1950),1950,"https://m.media-amazon.com/images/M/MV5BMTY2MTAzODI5NV5BMl5BanBnXkFtZTgwMjM4NzQ0MjE@._V1_UX128_CR0,3,128,176_AL_.jpg","Joseph L. Mankiewicz (dir.), Bette Davis, Anne Baxter",8.2,126824,"$63,463","$87,589","$151,052"
tt0053291,136,Some Like It Hot,Some Like It Hot (1959),1959,"https://m.media-amazon.com/images/M/MV5BNzAyOGIxYjAtMGY2NC00ZTgyLWIwMWEtYzY0OWQ4NDFjOTc5XkEyXkFqcGdeQXVyNjU0OTQ0OTY@._V1_UX128_CR0,3,128,176_AL_.jpg","Billy Wilder (dir.), Marilyn Monroe, Tony Curtis",8.2,256064,None,"$195,088","$195,088"
tt0372784,137,Batman Begins,Batman Begins (2005),2005,"https://m.media-amazon.com/images/M/MV5BOTY4YjI2N2MtYmFlMC00ZjcyLTg3YjEtMDQyM2ZjYzQ5YWFkXkEyXkFqcGdeQXVyMTQxNzMzNDI@._V1_UX128_CR0,3,128,176_AL_.jpg","Christopher Nolan (dir.), Christian Bale, Michael Caine",8.2,1371716,"$206,852,432","$166,809,514","$373,661,946"
tt0105695,138,Unforgiven,Unforgiven (1992),1992,"https://m.media-amazon.com/images/M/MV5BODM3YWY4NmQtN2Y3Ni00OTg0LWFhZGQtZWE3ZWY4MTJlOWU4XkEyXkFqcGdeQXVyNjU0OTQ0OTY@._V1_UX128_CR0,3,128,176_AL_.jpg","Clint Eastwood (dir.), Clint Eastwood, Gene Hackman",8.2,394857,"$101,157,447","$58,000,000","$159,157,447"
tt0118849,139,Children of Heaven,Children of Heaven (1997),1997,"https://m.media-amazon.com/images/M/MV5BZTYwZWQ4ZTQtZWU0MS00N2YwLWEzMDItZWFkZWY0MWVjODVhXkEyXkFqcGdeQXVyNjU0OTQ0OTY@._V1_UX128_CR0,3,128,176_AL_.jpg","Majid Majidi (dir.), Mohammad Amir Naji, Amir Farrokh Hashemian",8.2,71118,"$933,933",None,"$933,933"
tt0347149,140,Howl's Moving Castle,Howl's Moving Castle (2004),2004,"https://m.media-amazon.com/images/M/MV5BNmM4YTFmMmItMGE3Yy00MmRkLTlmZGEtMzZlOTQzYjk3MzA2XkEyXkFqcGdeQXVyMTMxODk2OTU@._V1_UX128_CR0,3,128,176_AL_.jpg","Hayao Miyazaki (dir.), Chieko Baishô, Takuya Kimura",8.2,362461,"$5,576,743","$230,637,703","$236,214,446"
tt0993846,141,The Wolf of Wall Street,The Wolf of Wall Street (2013),2013,"https://m.media-amazon.com/images/M/MV5BMjIxMjgxNTk0MF5BMl5BanBnXkFtZTgwNjIyOTg2MDE@._V1_UX128_CR0,3,128,176_AL_.jpg","Martin Scorsese (dir.), Leonardo DiCaprio, Jonah Hill",8.2,1283392,"$116,900,694","$275,100,000","$392,000,694"
tt0055031,142,Judgment at Nuremberg,Judgment at Nuremberg (1961),1961,"https://m.media-amazon.com/images/M/MV5BNDc2ODQ5NTE2MV5BMl5BanBnXkFtZTcwODExMjUyNA@@._V1_UX128_CR0,3,128,176_AL_.jpg","Stanley Kramer (dir.), Spencer Tracy, Burt Lancaster",8.2,74268,None,"$12,180","$12,180"
tt0057115,143,The Great Escape,The Great Escape (1963),1963,"https://m.media-amazon.com/images/M/MV5BNzA2NmYxMWUtNzBlMC00MWM2LTkwNmQtYTFlZjQwODNhOWE0XkEyXkFqcGdeQXVyNTIzOTk5ODM@._V1_UX128_CR0,3,128,176_AL_.jpg","John Sturges (dir.), Steve McQueen, James Garner",8.2,235295,None,"$228,178","$228,178"
tt0112641,144,Casino,Casino (1995),1995,"https://m.media-amazon.com/images/M/MV5BMTcxOWYzNDYtYmM4YS00N2NkLTk0NTAtNjg1ODgwZjAxYzI3XkEyXkFqcGdeQXVyNTA4NzY1MzY@._V1_UX128_CR0,3,128,176_AL_.jpg","Martin Scorsese (dir.), Robert De Niro, Sharon Stone",8.2,492252,"$42,512,375","$73,600,000","$116,112,375"
tt0469494,145,There Will Be Blood,There Will Be Blood (2007),2007,"https://m.media-amazon.com/images/M/MV5BMjAxODQ4MDU5NV5BMl5BanBnXkFtZTcwMDU4MjU1MQ@@._V1_UX128_CR0,3,128,176_AL_.jpg","Paul Thomas Anderson (dir.), Daniel Day-Lewis, Paul Dano",8.2,550350,"$40,222,514","$35,959,874","$76,182,388"
tt0040897,146,The Treasure of the Sierra Madre,The Treasure of the Sierra Madre (1948),1948,"https://m.media-amazon.com/images/M/MV5BOTJlZWMxYzEtMjlkMS00ODE0LThlM2ItMDI3NGQ2YjhmMzkxXkEyXkFqcGdeQXVyMDI2NDg0NQ@@._V1_UX128_CR0,3,128,176_AL_.jpg","John Huston (dir.), Humphrey Bogart, Walter Huston",8.2,120552,"$5,014,000",None,"$5,014,000"
tt0457430,147,Pan's Labyrinth,Pan's Labyrinth (2006),2006,"https://m.media-amazon.com/images/M/MV5BNzJlMjI2NjEtY2FmNy00ZTE0LWJjYWEtZDg0YmY1ZDBlNmEyXkEyXkFqcGdeQXVyOTI5NTk5NTQ@._V1_UY176_CR6,0,128,176_AL_.jpg","Guillermo del Toro (dir.), Ivana Baquero, Ariadna Gil",8.1,642871,"$37,634,615","$46,215,652","$83,850,267"
tt0268978,148,A Beautiful Mind,A Beautiful Mind (2001),2001,"https://m.media-amazon.com/images/M/MV5BMzcwYWFkYzktZjAzNC00OGY1LWI4YTgtNzc5MzVjMDVmNjY0XkEyXkFqcGdeQXVyMTQxNzMzNDI@._V1_UX128_CR0,3,128,176_AL_.jpg","Ron Howard (dir.), Russell Crowe, Ed Harris",8.1,887902,"$170,742,341","$146,048,916","$316,791,257"
tt1305806,149,The Secret in Their Eyes,The Secret in Their Eyes (2009),2009,"https://m.media-amazon.com/images/M/MV5BY2FhZGI5M2QtZWFiZS00NjkwLWE4NWQtMzg3ZDZjNjdkYTJiXkEyXkFqcGdeQXVyMTMxODk2OTU@._V1_UX128_CR0,3,128,176_AL_.jpg","Juan José Campanella (dir.), Ricardo Darín, Soledad Villamil",8.1,202322,"$6,391,436","$28,688,214","$35,079,650"
tt0081398,150,Raging Bull,Raging Bull (1980),1980,"https://m.media-amazon.com/images/M/MV5BYjRmODkzNDItMTNhNi00YjJlLTg0ZjAtODlhZTM0YzgzYThlXkEyXkFqcGdeQXVyNzQ1ODk3MTQ@._V1_UX128_CR0,3,128,176_AL_.jpg","Martin Scorsese (dir.), Robert De Niro, Cathy Moriarty",8.1,338065,"$23,383,987","$18,440","$23,402,427"
tt0071411,151,Dersu Uzala,Dersu Uzala (1975),1975,"https://m.media-amazon.com/images/M/MV5BYWY0OWJlZTgtMWUzNy00MGJhLTk5YzQtNmY5MDEwOTIxNjMyXkEyXkFqcGdeQXVyNjc1NTYyMjg@._V1_UX128_CR0,3,128,176_AL_.jpg","Akira Kurosawa (dir.), Maksim Munzuk, Yuriy Solomin",8.1,25954,None,"$14,480","$14,480"
tt0071315,152,Chinatown,Chinatown (1974),1974,"https://m.media-amazon.com/images/M/MV5BOGMwYmY5ZmEtMzY1Yi00OWJiLTk1Y2MtMzI2MjBhYmZkNTQ0XkEyXkFqcGdeQXVyNzkwMjQ5NzM@._V1_UX128_CR0,3,128,176_AL_.jpg","Roman Polanski (dir.), Jack Nicholson, Faye Dunaway",8.1,311826,"$29,200,000","$25,935","$29,225,935"
tt0096283,153,My Neighbor Totoro,My Neighbor Totoro (1988),1988,"https://m.media-amazon.com/images/M/MV5BYzJjMTYyMjQtZDI0My00ZjE2LTkyNGYtOTllNGQxNDMyZjE0XkEyXkFqcGdeQXVyMTMxODk2OTU@._V1_UX128_CR0,1,128,176_AL_.jpg","Hayao Miyazaki (dir.), Hitoshi Takagi, Noriko Hidaka",8.1,314626,"$2,250,213","$28,300,707","$30,550,920"
tt0120735,154,"Lock, Stock and Two Smoking Barrels","Lock, Stock and Two Smoking Barrels (1998)",1998,"https://m.media-amazon.com/images/M/MV5BMTAyN2JmZmEtNjAyMy00NzYwLThmY2MtYWQ3OGNhNjExMmM4XkEyXkFqcGdeQXVyNDk3NzU2MTQ@._V1_UX128_CR0,3,128,176_AL_.jpg","Guy Ritchie (dir.), Jason Flemyng, Dexter Fletcher",8.1,558943,"$3,753,929",None,"$3,753,929"
tt1130884,155,Shutter Island,Shutter Island (2010),2010,"https://m.media-amazon.com/images/M/MV5BYzhiNDkyNzktNTZmYS00ZTBkLTk2MDAtM2U0YjU1MzgxZjgzXkEyXkFqcGdeQXVyMTMxODk2OTU@._V1_UX128_CR0,3,128,176_AL_.jpg","Martin Scorsese (dir.), Leonardo DiCaprio, Emily Mortimer",8.1,1210801,"$128,012,934","$166,792,763","$294,805,697"
tt1160419,156,Dune,Dune (2021),2021,"https://m.media-amazon.com/images/M/MV5BN2FjNmEyNWMtYzM0ZS00NjIyLTg5YzYtYThlMGVjNzE1OGViXkEyXkFqcGdeQXVyMTkxNjUyNQ@@._V1_UX128_CR0,3,128,176_AL_.jpg","Denis Villeneuve (dir.), Timothée Chalamet, Rebecca Ferguson",8.1,344156,"$98,761,713","$267,200,000","$365,961,713"
tt0015864,157,The Gold Rush,The Gold Rush (1925),1925,"https://m.media-amazon.com/images/M/MV5BZjEyOTE4MzMtNmMzMy00Mzc3LWJlOTQtOGJiNDE0ZmJiOTU4L2ltYWdlXkEyXkFqcGdeQXVyNTAyODkwOQ@@._V1_UY176_CR0,0,128,176_AL_.jpg","Charles Chaplin (dir.), Charles Chaplin, Mack Swain",8.1,107243,None,"$26,916","$26,916"
tt0477348,158,No Country for Old Men,No Country for Old Men (2007),2007,"https://m.media-amazon.com/images/M/MV5BMjA5Njk3MjM4OV5BMl5BanBnXkFtZTcwMTc5MTE1MQ@@._V1_UX128_CR0,3,128,176_AL_.jpg","Ethan Coen (dir.), Tommy Lee Jones, Javier Bardem",8.1,910446,"$74,283,625","$97,343,541","$171,627,166"
tt0046912,159,Dial M for Murder,Dial M for Murder (1954),1954,"https://m.media-amazon.com/images/M/MV5BOWIwODIxYWItZDI4MS00YzhhLWE3MmYtMzlhZDIwOTMzZmE5L2ltYWdlXkEyXkFqcGdeQXVyNjc1NTYyMjg@._V1_UX128_CR0,3,128,176_AL_.jpg","Alfred Hitchcock (dir.), Ray Milland, Grace Kelly",8.1,168154,"$12,562","$6,362","$18,924"
tt0050976,160,The Seventh Seal,The Seventh Seal (1957),1957,"https://m.media-amazon.com/images/M/MV5BM2I1ZWU4YjMtYzU0My00YmMzLWFmNTAtZDJhZGYwMmI3YWQ5XkEyXkFqcGdeQXVyNjU0OTQ0OTY@._V1_UX128_CR0,3,128,176_AL_.jpg","Ingmar Bergman (dir.), Max von Sydow, Gunnar Björnstrand",8.1,177067,None,"$230,571","$230,571"
tt5027774,161,"Three Billboards Outside Ebbing, Missouri","Three Billboards Outside Ebbing, Missouri (2017)",2017,"https://m.media-amazon.com/images/M/MV5BMjI0ODcxNzM1N15BMl5BanBnXkFtZTgwMzIwMTEwNDI@._V1_UX128_CR0,3,128,176_AL_.jpg","Martin McDonagh (dir.), Frances McDormand, Woody Harrelson",8.1,471812,"$54,513,740","$105,746,833","$160,260,573"
tt0084787,162,The Thing,The Thing (1982),1982,"https://m.media-amazon.com/images/M/MV5BNGViZWZmM2EtNGYzZi00ZDAyLTk3ODMtNzIyZTBjN2Y1NmM1XkEyXkFqcGdeQXVyNTAyODkwOQ@@._V1_UX128_CR0,3,128,176_AL_.jpg","John Carpenter (dir.), Kurt Russell, Wilford Brimley",8.1,397371,"$19,629,760","$2,293","$19,632,053"
tt0080678,163,The Elephant Man,The Elephant Man (1980),1980,"https://m.media-amazon.com/images/M/MV5BMDVjNjIwOGItNDE3Ny00OThjLWE0NzQtZTU3YjMzZTZjMzhkXkEyXkFqcGdeQXVyMTQxNzMzNDI@._V1_UX128_CR0,3,128,176_AL_.jpg","David Lynch (dir.), Anthony Hopkins, John Hurt",8.1,232132,"$26,010,864","$12,842","$26,023,706"
tt0167404,164,The Sixth Sense,The Sixth Sense (1999),1999,"https://m.media-amazon.com/images/M/MV5BMWM4NTFhYjctNzUyNi00NGMwLTk3NTYtMDIyNTZmMzRlYmQyXkEyXkFqcGdeQXVyMTAwMzUyOTc@._V1_UX128_CR0,3,128,176_AL_.jpg","M. Night Shyamalan (dir.), Bruce Willis, Haley Joel Osment",8.1,948546,"$293,506,292","$379,300,140","$672,806,432"
tt4729430,165,Klaus,Klaus (2019),2019,"https://m.media-amazon.com/images/M/MV5BMWYwOThjM2ItZGYxNy00NTQwLWFlZWEtM2MzM2Q5MmY3NDU5XkEyXkFqcGdeQXVyMTkxNjUyNQ@@._V1_UX128_CR0,3,128,176_AL_.jpg","Sergio Pablos (dir.), Jason Schwartzman, J.K. Simmons",8.1,122728,None,None,None
tt0050986,166,Wild Strawberries,Wild Strawberries (1957),1957,"https://m.media-amazon.com/images/M/MV5BZjUzNzA1M2MtMjBlOS00MjFiLWFjMzItNjc3ZjcwNGZlOWIyXkEyXkFqcGdeQXVyMzAxNjg3MjQ@._V1_UY176_CR8,0,128,176_AL_.jpg","Ingmar Bergman (dir.), Victor Sjöström, Bibi Andersson",8.1,103074,None,"$14,524","$14,524"
tt0041959,167,The Third Man,The Third Man (1949),1949,"https://m.media-amazon.com/images/M/MV5BY2Y3OGIwNTgtYTlmMy00MDg0LWE4MTQtZDE2ODQ3ZThmNGYwXkEyXkFqcGdeQXVyNDQzMDg4Nzk@._V1_UX128_CR0,3,128,176_AL_.jpg","Carol Reed (dir.), Orson Welles, Joseph Cotten",8.1,166257,"$1,067,364","$159,433","$1,226,797"
tt0107290,168,Jurassic Park,Jurassic Park (1993),1993,"https://m.media-amazon.com/images/M/MV5BMjM2MDgxMDg0Nl5BMl5BanBnXkFtZTgwNTM2OTM5NDE@._V1_UX128_CR0,3,128,176_AL_.jpg","Steven Spielberg (dir.), Sam Neill, Laura Dern",8.1,917430,"$404,214,720","$629,713,583","$1,033,928,303"
tt0120382,169,The Truman Show,The Truman Show (1998),1998,"https://m.media-amazon.com/images/M/MV5BMDIzODcyY2EtMmY2MC00ZWVlLTgwMzAtMjQwOWUyNmJjNTYyXkEyXkFqcGdeQXVyNDk3NzU2MTQ@._V1_UX128_CR0,3,128,176_AL_.jpg","Peter Weir (dir.), Jim Carrey, Ed Harris",8.1,999654,"$125,618,201","$138,500,000","$264,118,201"
tt0434409,170,V for Vendetta,V for Vendetta (2005),2005,"https://m.media-amazon.com/images/M/MV5BOTI5ODc3NzExNV5BMl5BanBnXkFtZTcwNzYxNzQzMw@@._V1_UX128_CR0,3,128,176_AL_.jpg","James McTeigue (dir.), Hugo Weaving, Natalie Portman",8.1,1075596,"$70,511,035","$62,000,000","$132,511,035"
tt0353969,171,Memories of Murder,Memories of Murder (2003),2003,"https://m.media-amazon.com/images/M/MV5BOGViNTg4YTktYTQ2Ni00MTU0LTk2NWUtMTI4OTc1YTM0NzQ2XkEyXkFqcGdeQXVyMDM2NDM2MQ@@._V1_UX128_CR0,3,128,176_AL_.jpg","Bong Joon Ho (dir.), Kang-ho Song, Kim Sang-kyung",8.1,162505,"$15,357","$1,151,360","$1,166,717"
tt0083658,172,Blade Runner,Blade Runner (1982),1982,"https://m.media-amazon.com/images/M/MV5BNzQzMzJhZTEtOWM4NS00MTdhLTg0YjgtMjM4MDRkZjUwZDBlXkEyXkFqcGdeQXVyNjU0OTQ0OTY@._V1_UX128_CR0,3,128,176_AL_.jpg","Ridley Scott (dir.), Harrison Ford, Rutger Hauer",8.1,729359,"$32,868,943","$8,807,935","$41,676,878"
tt2096673,173,Inside Out,Inside Out (2015),2015,"https://m.media-amazon.com/images/M/MV5BOTgxMDQwMDk0OF5BMl5BanBnXkFtZTgwNjU5OTg2NDE@._V1_UX128_CR0,3,128,176_AL_.jpg","Pete Docter (dir.), Amy Poehler, Bill Hader",8.1,660906,"$356,921,711","$501,926,308","$858,848,019"
tt0117951,174,Trainspotting,Trainspotting (1996),1996,"https://m.media-amazon.com/images/M/MV5BMzA5Zjc3ZTMtMmU5YS00YTMwLWI4MWUtYTU0YTVmNjVmODZhXkEyXkFqcGdeQXVyNjU0OTQ0OTY@._V1_UX128_CR0,3,128,176_AL_.jpg","Danny Boyle (dir.), Ewan McGregor, Ewen Bremner",8.1,660325,"$16,491,080","$276,395","$16,767,475"
tt0050212,175,The Bridge on the River Kwai,The Bridge on the River Kwai (1957),1957,"https://m.media-amazon.com/images/M/MV5BOGY5NmNlMmQtYzRlYy00NGQ5LWFkYjYtNzExZmQyMTg0ZDA0XkEyXkFqcGdeQXVyNDIzMzcwNjc@._V1_UX128_CR0,3,128,176_AL_.jpg","David Lean (dir.), William Holden, Alec Guinness",8.1,212529,"$27,200,000",None,"$27,200,000"
tt0116282,176,Fargo,Fargo (1996),1996,"https://m.media-amazon.com/images/M/MV5BNDJiZDgyZjctYmRjMS00ZjdkLTkwMTEtNGU1NDg3NDQ0Yzk1XkEyXkFqcGdeQXVyNzkwMjQ5NzM@._V1_UX128_CR0,3,128,176_AL_.jpg","Joel Coen (dir.), William H. Macy, Frances McDormand",8.1,647976,"$24,611,975","$36,000,000","$60,611,975"
tt1291584,177,Warrior,Warrior (2011),2011,"https://m.media-amazon.com/images/M/MV5BMTk4ODk5MTMyNV5BMl5BanBnXkFtZTcwMDMyNTg0Ng@@._V1_UX128_CR0,3,128,176_AL_.jpg","Gavin O'Connor (dir.), Tom Hardy, Nick Nolte",8.1,452739,"$13,657,115","$9,651,500","$23,308,615"
tt0266543,178,Finding Nemo,Finding Nemo (2003),2003,"https://m.media-amazon.com/images/M/MV5BZTAzNWZlNmUtZDEzYi00ZjA5LWIwYjEtZGM1NWE1MjE4YWRhXkEyXkFqcGdeQXVyNjU0OTQ0OTY@._V1_UX128_CR0,3,128,176_AL_.jpg","Andrew Stanton (dir.), Albert Brooks, Ellen DeGeneres",8.1,991014,"$380,843,261","$559,509,384","$940,352,645"
tt0266697,179,Kill Bill: Vol. 1,Kill Bill: Vol. 1 (2003),2003,"https://m.media-amazon.com/images/M/MV5BNzM3NDFhYTAtYmU5Mi00NGRmLTljYjgtMDkyODQ4MjNkMGY2XkEyXkFqcGdeQXVyNzkwMjQ5NzM@._V1_UX128_CR0,3,128,176_AL_.jpg","Quentin Tarantino (dir.), Uma Thurman, David Carradine",8.1,1055418,"$70,099,045","$110,807,031","$180,906,076"
tt0031381,180,Gone with the Wind,Gone with the Wind (1939),1939,"https://m.media-amazon.com/images/M/MV5BYjUyZWZkM2UtMzYxYy00ZmQ3LWFmZTQtOGE2YjBkNjA3YWZlXkEyXkFqcGdeQXVyNzkwMjQ5NzM@._V1_UX128_CR0,3,128,176_AL_.jpg","Victor Fleming (dir.), Clark Gable, Vivien Leigh",8.1,303252,"$200,852,579","$201,500,000","$402,352,579"
tt0046438,181,Tokyo Story,Tokyo Story (1953),1953,"https://m.media-amazon.com/images/M/MV5BYWQ4ZTRiODktNjAzZC00Nzg1LTk1YWQtNDFmNDI0NmZiNGIwXkEyXkFqcGdeQXVyNzkwMjQ5NzM@._V1_UX128_CR0,3,128,176_AL_.jpg","Yasujirô Ozu (dir.), Chishû Ryû, Chieko Higashiyama",8.1,58326,None,"$40,468","$40,468"
tt0047296,182,On the Waterfront,On the Waterfront (1954),1954,"https://m.media-amazon.com/images/M/MV5BY2I0MWFiZDMtNWQyYy00Njk5LTk3MDktZjZjNTNmZmVkYjkxXkEyXkFqcGdeQXVyNjc1NTYyMjg@._V1_UX128_CR0,3,128,176_AL_.jpg","Elia Kazan (dir.), Marlon Brando, Karl Malden",8.1,149485,None,None,None
tt0476735,183,My Father and My Son,My Father and My Son (2005),2005,"https://m.media-amazon.com/images/M/MV5BNjAzMzEwYzctNjc1MC00Nzg5LWFmMGItMTgzYmMyNTY2OTQ4XkEyXkFqcGdeQXVyNjU0OTQ0OTY@._V1_UX128_CR0,3,128,176_AL_.jpg","Cagan Irmak (dir.), Eser Sariyar, Çetin Tekindor",8.1,83694,None,"$18,612,999","$18,612,999"
tt0079944,184,Stalker,Stalker (1979),1979,"https://m.media-amazon.com/images/M/MV5BMDgwODNmMGItMDcwYi00OWZjLTgyZjAtMGYwMmI4N2Q0NmJmXkEyXkFqcGdeQXVyNzY1MTU0Njk@._V1_UX128_CR0,1,128,176_AL_.jpg","Andrei Tarkovsky (dir.), Alisa Freyndlikh, Aleksandr Kaydanovskiy",8.1,127598,"$292,049","$11,766","$303,815"
tt3011894,185,Wild Tales,Wild Tales (2014),2014,"https://m.media-amazon.com/images/M/MV5BNGQzY2Y0MTgtMDA4OC00NjM3LWI0ZGQtNTJlM2UxZDQxZjI0XkEyXkFqcGdeQXVyNDUzOTQ5MjY@._V1_UX128_CR0,1,128,176_AL_.jpg","Damián Szifron (dir.), Darío Grandinetti, María Marull",8.1,188518,"$3,106,530","$27,536,174","$30,642,704"
tt0065234,186,Z,Z (1969),1969,"https://m.media-amazon.com/images/M/MV5BNDQ4ZTI5NTktOTY2ZS00NmM3LWE2ZTAtMTdjNzFmOWYzYzhkXkEyXkFqcGdeQXVyNjMwMjk0MTQ@._V1_UX128_CR0,1,128,176_AL_.jpg","Costa-Gavras (dir.), Yves Montand, Irene Papas",8.1,26371,"$83,305",None,"$83,305"
tt0077416,187,The Deer Hunter,The Deer Hunter (1978),1978,"https://m.media-amazon.com/images/M/MV5BNDhmNTA0ZDMtYjhkNS00NzEzLWIzYTItOGNkMTVmYjE2YmI3XkEyXkFqcGdeQXVyNzkwMjQ5NzM@._V1_UX128_CR0,3,128,176_AL_.jpg","Michael Cimino (dir.), Robert De Niro, Christopher Walken",8.1,326656,"$48,979,328","$95,051","$49,074,379"
tt1392214,188,Prisoners,Prisoners (2013),2013,"https://m.media-amazon.com/images/M/MV5BMTg0NTIzMjQ1NV5BMl5BanBnXkFtZTcwNDc3MzM5OQ@@._V1_UX128_CR0,3,128,176_AL_.jpg","Denis Villeneuve (dir.), Hugh Jackman, Jake Gyllenhaal",8.1,648406,"$61,002,302","$61,124,385","$122,126,687"
tt2278388,189,The Grand Budapest Hotel,The Grand Budapest Hotel (2014),2014,"https://m.media-amazon.com/images/M/MV5BMzM5NjUxOTEyMl5BMl5BanBnXkFtZTgwNjEyMDM0MDE@._V1_UX128_CR0,3,128,176_AL_.jpg","Wes Anderson (dir.), Ralph Fiennes, F. Murray Abraham",8.1,754213,"$59,301,324","$113,644,426","$172,945,750"
tt0017925,190,The General,The General (1926),1926,"https://m.media-amazon.com/images/M/MV5BYmRiMDFlYjYtOTMwYy00OGY2LWE0Y2QtYzQxOGNhZmUwNTIxXkEyXkFqcGdeQXVyNzkwMjQ5NzM@._V1_UX128_CR0,3,128,176_AL_.jpg","Clyde Bruckman (dir.), Buster Keaton, Marion Mack",8.1,87554,None,None,None
tt1205489,191,Gran Torino,Gran Torino (2008),2008,"https://m.media-amazon.com/images/M/MV5BMTc5NTk2OTU1Nl5BMl5BanBnXkFtZTcwMDc3NjAwMg@@._V1_UX128_CR0,3,128,176_AL_.jpg","Clint Eastwood (dir.), Clint Eastwood, Bee Vang",8.1,746828,"$148,095,302","$121,862,926","$269,958,228"
tt0060827,192,Persona,Persona (1966),1966,"https://m.media-amazon.com/images/M/MV5BMTM0YzExY2EtMjUyZi00ZmIwLWFkYTktNjY5NmVkYTdkMjI5XkEyXkFqcGdeQXVyNzQxNDExNTU@._V1_UX128_CR0,1,128,176_AL_.jpg","Ingmar Bergman (dir.), Bibi Andersson, Liv Ullmann",8.1,111947,None,"$90,556","$90,556"
tt0015324,193,Sherlock Jr.,Sherlock Jr. (1924),1924,"https://m.media-amazon.com/images/M/MV5BZWFhOGU5NDctY2Q3YS00Y2VlLWI1NzEtZmIwY2ZiZjY4OTA2XkEyXkFqcGdeQXVyMDI2NDg0NQ@@._V1_UX128_CR0,3,128,176_AL_.jpg","Buster Keaton (dir.), Buster Keaton, Kathryn McGuire",8.1,46592,None,None,None
tt0112471,194,Before Sunrise,Before Sunrise (1995),1995,"https://m.media-amazon.com/images/M/MV5BZDdiZTAwYzAtMDI3Ni00OTRjLTkzN2UtMGE3MDMyZmU4NTU4XkEyXkFqcGdeQXVyNjU0OTQ0OTY@._V1_UX128_CR0,3,128,176_AL_.jpg","Richard Linklater (dir.), Ethan Hawke, Julie Delpy",8.1,289557,"$5,535,405","$451,981","$5,987,386"
tt0978762,195,Mary and Max,Mary and Max (2009),2009,"https://m.media-amazon.com/images/M/MV5BMDgzYjQwMDMtNGUzYi00MTRmLWIyMGMtNjE1OGZkNzY2YWIzL2ltYWdlXkEyXkFqcGdeQXVyNjU0OTQ0OTY@._V1_UX128_CR0,1,128,176_AL_.jpg","Adam Elliot (dir.), Toni Collette, Philip Seymour Hoffman",8.1,171645,None,"$1,740,429","$1,740,429"
tt0031679,196,Mr. Smith Goes to Washington,Mr. Smith Goes to Washington (1939),1939,"https://m.media-amazon.com/images/M/MV5BZTYwYjYxYzgtMDE1Ni00NzU4LWJlMTEtODQ5YmJmMGJhZjI5L2ltYWdlXkEyXkFqcGdeQXVyMDI2NDg0NQ@@._V1_UX128_CR0,3,128,176_AL_.jpg","Frank Capra (dir.), James Stewart, Jean Arthur",8.1,112092,"$144,738",None,"$144,738"
tt0264464,197,Catch Me If You Can,Catch Me If You Can (2002),2002,"https://m.media-amazon.com/images/M/MV5BMTY5MzYzNjc5NV5BMl5BanBnXkFtZTYwNTUyNTc2._V1_UX128_CR0,3,128,176_AL_.jpg","Steven Spielberg (dir.), Leonardo DiCaprio, Tom Hanks",8.1,898945,"$164,615,351","$187,498,961","$352,114,312"
tt0107207,198,In the Name of the Father,In the Name of the Father (1993),1993,"https://m.media-amazon.com/images/M/MV5BMmYyOTgwYWItYmU3Ny00M2E2LTk0NWMtMDVlNmQ0MWZiMTMxXkEyXkFqcGdeQXVyNzkwMjQ5NzM@._V1_UX128_CR0,3,128,176_AL_.jpg","Jim Sheridan (dir.), Daniel Day-Lewis, Pete Postlethwaite",8.1,167233,"$25,096,862","$40,700,000","$65,796,862"
tt3170832,199,Room,Room (2015),2015,"https://m.media-amazon.com/images/M/MV5BMjE4NzgzNzEwMl5BMl5BanBnXkFtZTgwMTMzMDE0NjE@._V1_UX128_CR0,3,128,176_AL_.jpg","Lenny Abrahamson (dir.), Brie Larson, Jacob Tremblay",8.1,396315,"$14,677,654","$20,724,104","$35,401,758"
tt0072684,200,Barry Lyndon,Barry Lyndon (1975),1975,"https://m.media-amazon.com/images/M/MV5BNmY0MWY2NDctZDdmMi00MjA1LTk0ZTQtZDMyZTQ1NTNlYzVjXkEyXkFqcGdeQXVyMjUzOTY1NTc@._V1_UX128_CR0,3,128,176_AL_.jpg","Stanley Kubrick (dir.), Ryan O'Neal, Marisa Berenson",8.1,159800,None,"$198,992","$198,992"
tt2267998,201,Gone Girl,Gone Girl (2014),2014,"https://m.media-amazon.com/images/M/MV5BMTk0MDQ3MzAzOV5BMl5BanBnXkFtZTgwNzU1NzE3MjE@._V1_UX128_CR0,3,128,176_AL_.jpg","David Fincher (dir.), Ben Affleck, Rosamund Pike",8.1,919013,"$167,767,189","$201,563,174","$369,330,363"
tt2119532,202,Hacksaw Ridge,Hacksaw Ridge (2016),2016,"https://m.media-amazon.com/images/M/MV5BMjQ1NjM3MTUxNV5BMl5BanBnXkFtZTgwMDc5MTY5OTE@._V1_UX128_CR0,3,128,176_AL_.jpg","Mel Gibson (dir.), Andrew Garfield, Sam Worthington",8.1,474983,"$67,209,615","$113,354,021","$180,563,636"
tt7019842,203,96,96 (2018),2018,"https://m.media-amazon.com/images/M/MV5BZTM1MGM3NjgtZjE4Mi00ZTNlLWI3ODAtNTViZjFmMDc3MjlhXkEyXkFqcGdeQXVyOTA3MTM0MTM@._V1_UY176_CR0,0,128,176_AL_.jpg","C. Prem Kumar (dir.), Vijay Sethupathi, Adithya Bhaskar",8.1,25528,None,"$616,333","$616,333"
tt0019254,204,The Passion of Joan of Arc,The Passion of Joan of Arc (1928),1928,"https://m.media-amazon.com/images/M/MV5BNjBjNDJiYTUtOWY0OS00OGVmLTg2YzctMTE0NzVhODM1ZWJmXkEyXkFqcGdeQXVyNjU0OTQ0OTY@._V1_UX128_CR0,3,128,176_AL_.jpg","Carl Theodor Dreyer (dir.), Maria Falconetti, Eugene Silvain",8.1,51937,"$21,877",None,"$21,877"
tt8108198,205,Andhadhun,Andhadhun (2018),2018,"https://m.media-amazon.com/images/M/MV5BZWZhMjhhZmYtOTIzOC00MGYzLWI1OGYtM2ZkN2IxNTI4ZWI3XkEyXkFqcGdeQXVyNDAzNDk0MTQ@._V1_UX128_CR0,3,128,176_AL_.jpg","Sriram Raghavan (dir.), Ayushmann Khurrana, Tabu",8.1,84567,"$1,193,046","$61,282,296","$62,475,342"
tt1950186,206,Ford v Ferrari,Ford v Ferrari (2019),2019,"https://m.media-amazon.com/images/M/MV5BM2UwMDVmMDItM2I2Yi00NGZmLTk4ZTUtY2JjNTQ3OGQ5ZjM2XkEyXkFqcGdeQXVyMTA1OTYzOTUx._V1_UX128_CR0,3,128,176_AL_.jpg","James Mangold (dir.), Matt Damon, Christian Bale",8.1,342814,"$117,624,357","$107,883,853","$225,508,210"
tt2024544,207,12 Years a Slave,12 Years a Slave (2013),2013,"https://m.media-amazon.com/images/M/MV5BMjExMTEzODkyN15BMl5BanBnXkFtZTcwNTU4NTc4OQ@@._V1_UX128_CR0,3,128,176_AL_.jpg","Steve McQueen (dir.), Chiwetel Ejiofor, Michael Kenneth Williams",8.1,669513,"$56,671,993","$131,061,209","$187,733,202"
tt0035446,208,To Be or Not to Be,To Be or Not to Be (1942),1942,"https://m.media-amazon.com/images/M/MV5BYTIwNDcyMjktMTczMy00NDM5LTlhNDEtMmE3NGVjOTM2YjQ3XkEyXkFqcGdeQXVyNjc0MzMzNjA@._V1_UX128_CR0,3,128,176_AL_.jpg","Ernst Lubitsch (dir.), Carole Lombard, Jack Benny",8.1,34308,None,None,None
tt0118715,209,The Big Lebowski,The Big Lebowski (1998),1998,"https://m.media-amazon.com/images/M/MV5BMTQ0NjUzMDMyOF5BMl5BanBnXkFtZTgwODA1OTU0MDE@._V1_UX128_CR0,3,128,176_AL_.jpg","Joel Coen (dir.), Jeff Bridges, John Goodman",8.1,771817,"$18,034,458","$28,714,263","$46,748,721"
tt0077711,210,Autumn Sonata,Autumn Sonata (1978),1978,"https://m.media-amazon.com/images/M/MV5BNGIyMWRlYTctMWNlMi00ZGIzLThjOTgtZjQzZjRjNmRhMDdlXkEyXkFqcGdeQXVyMTAwMzUyOTc@._V1_UX128_CR0,3,128,176_AL_.jpg","Ingmar Bergman (dir.), Ingrid Bergman, Liv Ullmann",8.1,32030,None,"$14,338","$14,338"
tt0892769,211,How to Train Your Dragon,How to Train Your Dragon (2010),2010,"https://m.media-amazon.com/images/M/MV5BMjA5NDQyMjc2NF5BMl5BanBnXkFtZTcwMjg5ODcyMw@@._V1_UX128_CR0,3,128,176_AL_.jpg","Dean DeBlois (dir.), Jay Baruchel, Gerard Butler",8.1,699190,"$217,581,231","$277,298,240","$494,879,471"
tt0097165,212,Dead Poets Society,Dead Poets Society (1989),1989,"https://m.media-amazon.com/images/M/MV5BOGYwYWNjMzgtNGU4ZC00NWQ2LWEwZjUtMzE1Zjc3NjY3YTU1XkEyXkFqcGdeQXVyMTQxNzMzNDI@._V1_UX128_CR0,3,128,176_AL_.jpg","Peter Weir (dir.), Robin Williams, Robert Sean Leonard",8.1,454116,"$95,860,116","$140,000,000","$235,860,116"
tt1392190,213,Mad Max: Fury Road,Mad Max: Fury Road (2015),2015,"https://m.media-amazon.com/images/M/MV5BN2EwM2I5OWMtMGQyMi00Zjg1LWJkNTctZTdjYTA4OGUwZjMyXkEyXkFqcGdeQXVyMTMxODk2OTU@._V1_UX128_CR0,3,128,176_AL_.jpg","George Miller (dir.), Tom Hardy, Charlize Theron",8.1,937849,"$154,058,340","$221,600,410","$375,658,750"
tt0052618,214,Ben-Hur,Ben-Hur (1959),1959,"https://m.media-amazon.com/images/M/MV5BNjgxY2JiZDYtZmMwOC00ZmJjLWJmODUtMTNmNWNmYWI5ODkwL2ltYWdlL2ltYWdlXkEyXkFqcGdeQXVyNjc1NTYyMjg@._V1_UX128_CR0,3,128,176_AL_.jpg","William Wyler (dir.), Charlton Heston, Jack Hawkins",8.1,229977,"$74,422,622","$5,016","$74,427,638"
tt1201607,215,Harry Potter and the Deathly Hallows: Part 2,Harry Potter and the Deathly Hallows: Part 2 (2011),2011,"https://m.media-amazon.com/images/M/MV5BMGVmMWNiMDktYjQ0Mi00MWIxLTk0N2UtN2ZlYTdkN2IzNDNlXkEyXkFqcGdeQXVyODE5NzE3OTE@._V1_UX128_CR0,3,128,176_AL_.jpg","David Yates (dir.), Daniel Radcliffe, Emma Watson",8.1,811254,"$381,409,310","$960,912,354","$1,342,321,665"
tt0405159,216,Million Dollar Baby,Million Dollar Baby (2004),2004,"https://m.media-amazon.com/images/M/MV5BMTkxNzA1NDQxOV5BMl5BanBnXkFtZTcwNTkyMTIzMw@@._V1_UX128_CR0,3,128,176_AL_.jpg","Clint Eastwood (dir.), Hilary Swank, Clint Eastwood",8.1,661845,"$100,492,203","$116,271,443","$216,763,646"
tt0046268,217,The Wages of Fear,The Wages of Fear (1953),1953,"https://m.media-amazon.com/images/M/MV5BZDdkNzMwZmUtY2Q5MS00ZmM2LWJhYjItYTBjMWY0MGM4MDRjXkEyXkFqcGdeQXVyNTA4NzY1MzY@._V1_UX128_CR0,3,128,176_AL_.jpg","Henri-Georges Clouzot (dir.), Yves Montand, Charles Vanel",8.1,58668,None,"$1,098","$1,098"
tt4016934,218,The Handmaiden,The Handmaiden (2016),2016,"https://m.media-amazon.com/images/M/MV5BNDJhYTk2MTctZmVmOS00OTViLTgxNjQtMzQxOTRiMDdmNGRjXkEyXkFqcGdeQXVyMTMxODk2OTU@._V1_UX128_CR0,1,128,176_AL_.jpg","Park Chan-Wook (dir.), Kim Min-hee, Ha Jung-woo",8.1,130679,"$2,006,788","$35,760,418","$37,767,206"
tt0092005,219,Stand by Me,Stand by Me (1986),1986,"https://m.media-amazon.com/images/M/MV5BODJmY2Y2OGQtMDg2My00N2Q3LWJmZTUtYTc2ODBjZDVlNDlhXkEyXkFqcGdeQXVyMTQxNzMzNDI@._V1_UX128_CR0,3,128,176_AL_.jpg","Rob Reiner (dir.), Wil Wheaton, River Phoenix",8.1,382729,"$52,287,414",None,"$52,287,414"
tt0074958,220,Network,Network (1976),1976,"https://m.media-amazon.com/images/M/MV5BZGNjYjM2MzItZGQzZi00NmY3LTgxOGUtMTQ2MWQxNWQ2MmMwXkEyXkFqcGdeQXVyNzM0MTUwNTY@._V1_UX128_CR0,3,128,176_AL_.jpg","Sidney Lumet (dir.), Faye Dunaway, William Holden",8.1,153353,"$23,689,877",$880,"$23,690,757"
tt3315342,221,Logan,Logan (2017),2017,"https://m.media-amazon.com/images/M/MV5BYzc5MTU4N2EtYTkyMi00NjdhLTg3NWEtMTY4OTEyMzJhZTAzXkEyXkFqcGdeQXVyNjc1NTYyMjg@._V1_UX128_CR0,3,128,176_AL_.jpg","James Mangold (dir.), Hugh Jackman, Patrick Stewart",8.1,697485,"$226,277,068","$392,902,882","$619,179,950"
tt0061512,222,Cool Hand Luke,Cool Hand Luke (1967),1967,"https://m.media-amazon.com/images/M/MV5BOWFlNzZhYmYtYTI5YS00MDQyLWIyNTUtNTRjMWUwNTEzNjA0XkEyXkFqcGdeQXVyNjUwNzk3NDc@._V1_UX128_CR0,3,128,176_AL_.jpg","Stuart Rosenberg (dir.), Paul Newman, George Kennedy",8.1,171148,None,None,None
tt1954470,223,Gangs of Wasseypur,Gangs of Wasseypur (2012),2012,"https://m.media-amazon.com/images/M/MV5BMTc5NjY4MjUwNF5BMl5BanBnXkFtZTgwODM3NzM5MzE@._V1_UX128_CR0,3,128,176_AL_.jpg","Anurag Kashyap (dir.), Manoj Bajpayee, Richa Chadha",8.0,90788,None,"$4,384,642","$4,384,642"
tt1028532,224,Hachi: A Dog's Tale,Hachi: A Dog's Tale (2009),2009,"https://m.media-amazon.com/images/M/MV5BNzE4NDg5OWMtMzg3NC00ZDRjLTllMDMtZTRjNWZmNjBmMGZlXkEyXkFqcGdeQXVyMTMxODk2OTU@._V1_UX128_CR0,1,128,176_AL_.jpg","Lasse Hallström (dir.), Richard Gere, Joan Allen",8.0,268962,None,"$46,749,646","$46,749,646"
tt0113247,225,La Haine,La Haine (1995),1995,"https://m.media-amazon.com/images/M/MV5BNDNiOTA5YjktY2Q0Ni00ODgzLWE5MWItNGExOWRlYjY2MjBlXkEyXkFqcGdeQXVyNjQ2MjQ5NzM@._V1_UX128_CR0,1,128,176_AL_.jpg","Mathieu Kassovitz (dir.), Vincent Cassel, Hubert Koundé",8.0,162000,"$280,859","$135,970","$416,829"
tt0053198,226,The 400 Blows,The 400 Blows (1959),1959,"https://m.media-amazon.com/images/M/MV5BYTQ4MjA4NmYtYjRhNi00MTEwLTg0NjgtNjk3ODJlZGU4NjRkL2ltYWdlL2ltYWdlXkEyXkFqcGdeQXVyNjU0OTQ0OTY@._V1_UY176_CR0,0,128,176_AL_.jpg","François Truffaut (dir.), Jean-Pierre Léaud, Albert Rémy",8.0,112408,$509,"$126,735","$127,244"
tt0091763,227,Platoon,Platoon (1986),1986,"https://m.media-amazon.com/images/M/MV5BMzRjZjdlMjQtODVkYS00N2YzLWJlYWYtMGVlN2E5MWEwMWQzXkEyXkFqcGdeQXVyMTQxNzMzNDI@._V1_UX128_CR0,3,128,176_AL_.jpg","Oliver Stone (dir.), Charlie Sheen, Tom Berenger",8.0,397753,"$138,530,565","$15,067","$138,545,632"
tt5323662,228,A Silent Voice: The Movie,A Silent Voice: The Movie (2016),2016,"https://m.media-amazon.com/images/M/MV5BZGRkOGMxYTUtZTBhYS00NzI3LWEzMDQtOWRhMmNjNjJjMzM4XkEyXkFqcGdeQXVyMTMxODk2OTU@._V1_UX128_CR0,1,128,176_AL_.jpg","Naoko Yamada (dir.), Miyu Irino, Saori Hayami",8.0,66194,"$644,391","$29,874,557","$30,518,948"
tt1895587,229,Spotlight,Spotlight (2015),2015,"https://m.media-amazon.com/images/M/MV5BMjIyOTM5OTIzNV5BMl5BanBnXkFtZTgwMDkzODE2NjE@._V1_UX128_CR0,3,128,176_AL_.jpg","Tom McCarthy (dir.), Mark Ruffalo, Michael Keaton",8.0,446628,"$45,055,776","$53,634,478","$98,690,254"
tt0198781,230,"Monsters, Inc.","Monsters, Inc. (2001)",2001,"https://m.media-amazon.com/images/M/MV5BMTY1NTI0ODUyOF5BMl5BanBnXkFtZTgwNTEyNjQ0MDE@._V1_UX128_CR0,3,128,176_AL_.jpg","Pete Docter (dir.), Billy Crystal, John Goodman",8.0,857835,"$290,642,256","$289,065,482","$579,707,738"
tt0032976,231,Rebecca,Rebecca (1940),1940,"https://m.media-amazon.com/images/M/MV5BYTcxYWExOTMtMWFmYy00ZjgzLWI0YjktNWEzYzJkZTg0NDdmL2ltYWdlXkEyXkFqcGdeQXVyNjc1NTYyMjg@._V1_UX128_CR0,1,128,176_AL_.jpg","Alfred Hitchcock (dir.), Laurence Olivier, Joan Fontaine",8.0,132048,None,"$72,275","$72,275"
tt0079470,232,Monty Python's Life of Brian,Monty Python's Life of Brian (1979),1979,"https://m.media-amazon.com/images/M/MV5BMzAwNjU1OTktYjY3Mi00NDY5LWFlZWUtZjhjNGE0OTkwZDkwXkEyXkFqcGdeQXVyMTQxNzMzNDI@._V1_UX128_CR0,3,128,176_AL_.jpg","Terry Jones (dir.), Graham Chapman, John Cleese",8.0,384130,"$20,206,622","$536,230","$20,742,852"
tt0395169,233,Hotel Rwanda,Hotel Rwanda (2004),2004,"https://m.media-amazon.com/images/M/MV5BZGJjYmIzZmQtNWE4Yy00ZGVmLWJkZGEtMzUzNmQ4ZWFlMjRhXkEyXkFqcGdeQXVyMTMxODk2OTU@._V1_UX128_CR0,3,128,176_AL_.jpg","Terry George (dir.), Don Cheadle, Sophie Okonedo",8.0,345362,"$23,530,892","$10,351,351","$33,882,243"
tt0116231,234,The Bandit,The Bandit (1996),1996,"https://m.media-amazon.com/images/M/MV5BOGQ4ZjFmYjktOGNkNS00OWYyLWIyZjgtMGJjM2U1ZTA0ZTlhXkEyXkFqcGdeQXVyNTA4NzY1MzY@._V1_UX128_CR0,1,128,176_AL_.jpg","Yavuz Turgul (dir.), Sener Sen, Ugur Yücel",8.0,68204,None,None,None
tt0118694,235,In the Mood for Love,In the Mood for Love (2000),2000,"https://m.media-amazon.com/images/M/MV5BMDJkYjRiMTgtYjBhNi00ZjQwLWI3MWItNTZkY2MzNjcxNzM5XkEyXkFqcGdeQXVyNzI1NzMxNzM@._V1_UX128_CR0,3,128,176_AL_.jpg","Kar-Wai Wong (dir.), Tony Chiu-Wai Leung, Maggie Cheung",8.0,138761,"$2,738,980","$11,402,212","$14,141,192"
tt1979320,236,Rush,Rush (2013),2013,"https://m.media-amazon.com/images/M/MV5BOWEwODJmZDItYTNmZC00OGM4LThlNDktOTQzZjIzMGQxODA4XkEyXkFqcGdeQXVyNjU0OTQ0OTY@._V1_UX128_CR0,3,128,176_AL_.jpg","Ron Howard (dir.), Daniel Brühl, Chris Hemsworth",8.0,456342,"$26,947,624","$70,035,385","$96,983,009"
tt0758758,237,Into the Wild,Into the Wild (2007),2007,"https://m.media-amazon.com/images/M/MV5BMTAwNDEyODU1MjheQTJeQWpwZ15BbWU2MDc3NDQwNw@@._V1_UX128_CR0,3,128,176_AL_.jpg","Sean Penn (dir.), Emile Hirsch, Vince Vaughn",8.0,598639,"$18,354,356","$38,321,539","$56,675,895"
tt0245712,238,Amores perros,Amores perros (2000),2000,"https://m.media-amazon.com/images/M/MV5BMjQxMWJhMzMtMzllZi00NzMwLTllYjktNTcwZmU4ZmU3NTA0XkEyXkFqcGdeQXVyMTAzMDM4MjM0._V1_UY176_CR0,0,128,176_AL_.jpg","Alejandro G. Iñárritu (dir.), Emilio Echevarría, Gael García Bernal",8.0,233288,"$5,408,467","$15,500,000","$20,908,467"
tt0075148,239,Rocky,Rocky (1976),1976,"https://m.media-amazon.com/images/M/MV5BMTY5MDMzODUyOF5BMl5BanBnXkFtZTcwMTQ3NTMyNA@@._V1_UX128_CR0,3,128,176_AL_.jpg","John G. Avildsen (dir.), Sylvester Stallone, Talia Shire",8.0,544340,"$117,235,147","$15,235","$117,250,382"
tt0087544,240,Nausicaä of the Valley of the Wind,Nausicaä of the Valley of the Wind (1984),1984,"https://m.media-amazon.com/images/M/MV5BZTI3NmJmYTQtNDg4NS00M2VlLTgzZDAtZWIwZDcyOWY5YzIzXkEyXkFqcGdeQXVyMTMxODk2OTU@._V1_UX128_CR0,3,128,176_AL_.jpg","Hayao Miyazaki (dir.), Sumi Shimamoto, Mahito Tsujimura",8.0,161543,"$495,770","$8,240,736","$8,736,506"
tt0060107,241,Andrei Rublev,Andrei Rublev (1966),1966,"https://m.media-amazon.com/images/M/MV5BNjM2MjMwNzUzN15BMl5BanBnXkFtZTgwMjEzMzE5MTE@._V1_UY176_CR0,0,128,176_AL_.jpg","Andrei Tarkovsky (dir.), Anatoliy Solonitsyn, Ivan Lapikov",8.0,51384,"$124,189","$21,302","$145,491"
tt0025316,242,It Happened One Night,It Happened One Night (1934),1934,"https://m.media-amazon.com/images/M/MV5BYzJmMWE5NjAtNWMyZS00NmFiLWIwMDgtZDE2NzczYWFhNzIzXkEyXkFqcGdeQXVyNjc1NTYyMjg@._V1_UX128_CR0,3,128,176_AL_.jpg","Frank Capra (dir.), Clark Gable, Claudette Colbert",8.0,99590,None,None,None
tt0381681,243,Before Sunset,Before Sunset (2004),2004,"https://m.media-amazon.com/images/M/MV5BMTQ1MjAwNTM5Ml5BMl5BanBnXkFtZTYwNDM0MTc3._V1_UX128_CR0,3,128,176_AL_.jpg","Richard Linklater (dir.), Ethan Hawke, Julie Delpy",8.0,250040,"$5,820,649","$10,115,858","$15,936,507"
tt0083922,244,Fanny and Alexander,Fanny and Alexander (1982),1982,"https://m.media-amazon.com/images/M/MV5BZmQzMDE5ZWQtOTU3ZS00ZjdhLWI0OTctZDNkODk4YThmOTRhL2ltYWdlXkEyXkFqcGdeQXVyNjc1NTYyMjg@._V1_UX128_CR0,3,128,176_AL_.jpg","Ingmar Bergman (dir.), Bertil Guve, Pernilla Allwin",8.0,61400,"$6,783,304","$12,467","$6,795,771"
tt0169858,245,Neon Genesis Evangelion: The End of Evangelion,Neon Genesis Evangelion: The End of Evangelion (1997),1997,"https://m.media-amazon.com/images/M/MV5BMDAxYzU2YjEtNmNjNS00OGJlLTg3MzgtNzAwN2E1ZWFiYTg5XkEyXkFqcGdeQXVyNTkwNzYyODM@._V1_UX128_CR0,1,128,176_AL_.jpg","Hideaki Anno (dir.), Megumi Ogata, Megumi Hayashibara",8.0,47969,None,None,None
tt0058946,246,The Battle of Algiers,The Battle of Algiers (1966),1966,"https://m.media-amazon.com/images/M/MV5BZWEzMGY4OTQtYTdmMy00M2QwLTliYTQtYWUzYzc3OTA5YzIwXkEyXkFqcGdeQXVyNjc1NTYyMjg@._V1_UX128_CR0,1,128,176_AL_.jpg","Gillo Pontecorvo (dir.), Brahim Hadjadj, Jean Martin",8.0,57379,"$879,794","$84,234","$964,028"
tt0050783,247,Nights of Cabiria,Nights of Cabiria (1957),1957,"https://m.media-amazon.com/images/M/MV5BOTdhNmUxZmQtNmMwNC00MzE3LWE1MTUtZDgxZTYwYjEzZjcwXkEyXkFqcGdeQXVyNTA1NjYyMDk@._V1_UX128_CR0,3,128,176_AL_.jpg","Federico Fellini (dir.), Giulietta Masina, François Périer",8.0,46646,"$752,045","$3,274","$755,319"
tt0093779,248,The Princess Bride,The Princess Bride (1987),1987,"https://m.media-amazon.com/images/M/MV5BMGM4M2Q5N2MtNThkZS00NTc1LTk1NTItNWEyZjJjNDRmNDk5XkEyXkFqcGdeQXVyMjA0MDQ0Mjc@._V1_UX128_CR0,3,128,176_AL_.jpg","Rob Reiner (dir.), Cary Elwes, Mandy Patinkin",8.0,411742,"$30,857,814","$44,628","$30,902,442"
tt0087884,249,"Paris, Texas","Paris, Texas (1984)",1984,"https://m.media-amazon.com/images/M/MV5BM2RjMmU3ZWItYzBlMy00ZmJkLWE5YzgtNTVkODdhOWM3NGZhXkEyXkFqcGdeQXVyNDA5Mjg5MjA@._V1_UX128_CR0,3,128,176_AL_.jpg","Wim Wenders (dir.), Harry Dean Stanton, Nastassja Kinski",8.0,100421,"$2,181,987","$25,561","$2,207,548"
tt10189514,250,Soorarai Pottru,Soorarai Pottru (2020),2020,"https://m.media-amazon.com/images/M/MV5BOGVjYmM0ZWEtNTFjNi00MWZjLTk3OTItMmFjMDAzZWU1ZDVjXkEyXkFqcGdeQXVyMTI2Mzk1ODg0._V1_UX128_CR0,3,128,176_AL_.jpg","Sudha Kongara (dir.), Suriya, Paresh Rawal",8.0,101769,None,None,None
